{"providers":[{"file":"char/black.png","chars":[""],"height":1,"ascent":-5000,"type":"bitmap"},{"file":"char/black.png","chars":[""],"height":2,"ascent":-5000,"type":"bitmap"},{"file":"char/black.png","chars":[""],"height":3,"ascent":-5000,"type":"bitmap"},{"file":"char/black.png","chars":[""],"height":4,"ascent":-5000,"type":"bitmap"},{"file":"char/black.png","chars":[""],"height":5,"ascent":-5000,"type":"bitmap"},{"file":"char/black.png","chars":[""],"height":6,"ascent":-5000,"type":"bitmap"},{"file":"char/black.png","chars":[""],"height":7,"ascent":-5000,"type":"bitmap"},{"file":"char/black.png","chars":[""],"height":15,"ascent":-5000,"type":"bitmap"},{"file":"char/black.png","chars":[""],"height":31,"ascent":-5000,"type":"bitmap"},{"file":"char/black.png","chars":[""],"height":63,"ascent":-5000,"type":"bitmap"},{"file":"char/black.png","chars":[""],"height":127,"ascent":-5000,"type":"bitmap"},{"file":"char/black.png","chars":[""],"height":256,"ascent":-5000,"type":"bitmap"},{"file":"char/black.png","chars":[""],"height":512,"ascent":-5000,"type":"bitmap"},{"file":"char/black.png","chars":[""],"height":1024,"ascent":-5000,"type":"bitmap"},{"file":"char/black.png","chars":[""],"height":-3,"ascent":-5000,"type":"bitmap"},{"file":"char/black.png","chars":[""],"height":-4,"ascent":-5000,"type":"bitmap"},{"file":"char/black.png","chars":[""],"height":-5,"ascent":-5000,"type":"bitmap"},{"file":"char/black.png","chars":[""],"height":-6,"ascent":-5000,"type":"bitmap"},{"file":"char/black.png","chars":[""],"height":-7,"ascent":-5000,"type":"bitmap"},{"file":"char/black.png","chars":[""],"height":-8,"ascent":-5000,"type":"bitmap"},{"file":"char/black.png","chars":[""],"height":-9,"ascent":-5000,"type":"bitmap"},{"file":"char/black.png","chars":[""],"height":-10,"ascent":-5000,"type":"bitmap"},{"file":"char/black.png","chars":[""],"height":-18,"ascent":-5000,"type":"bitmap"},{"file":"char/black.png","chars":[""],"height":-34,"ascent":-5000,"type":"bitmap"},{"file":"char/black.png","chars":[""],"height":-66,"ascent":-5000,"type":"bitmap"},{"file":"char/black.png","chars":[""],"height":-130,"ascent":-5000,"type":"bitmap"},{"file":"char/black.png","chars":[""],"height":-259,"ascent":-5000,"type":"bitmap"},{"file":"char/black.png","chars":[""],"height":-515,"ascent":-5000,"type":"bitmap"},{"file":"char/black.png","chars":[""],"height":-1027,"ascent":-5000,"type":"bitmap"},{"file":"nlwar:gui/machine_left.png","chars":[""],"height":164,"ascent":12,"type":"bitmap"},{"file":"nlwar:gui/serega_pirat.png","chars":[""],"height":163,"ascent":21,"type":"bitmap"},{"file":"nlwar:gui/machine_right.png","chars":[""],"height":164,"ascent":12,"type":"bitmap"},{"file":"nlwar:gui/electro_brewery_right.png","chars":[""],"height":164,"ascent":12,"type":"bitmap"},{"file":"nlwar:gui/laser_crafter_right.png","chars":[""],"height":164,"ascent":12,"type":"bitmap"},{"file":"nlwar:gui/laser_furnace_right.png","chars":[""],"height":164,"ascent":12,"type":"bitmap"},{"file":"nlwar:gui/energy_cell_left.png","chars":[""],"height":164,"ascent":12,"type":"bitmap"},{"file":"nlwar:gui/energy_cell_right.png","chars":[""],"height":164,"ascent":12,"type":"bitmap"},{"file":"nlwar:gui/uranium_furnace_right.png","chars":[""],"height":164,"ascent":12,"type":"bitmap"},{"file":"nlwar:emoji/materia.png","chars":[""],"height":9,"ascent":8,"type":"bitmap"},{"file":"nlwar:emoji/acacia_boat.png","chars":[""],"height":9,"ascent":8,"type":"bitmap"},{"file":"nlwar:emoji/acacia_door.png","chars":[""],"height":9,"ascent":8,"type":"bitmap"},{"file":"nlwar:emoji/acacia_sign.png","chars":[""],"height":9,"ascent":8,"type":"bitmap"},{"file":"nlwar:emoji/accum.png","chars":[""],"height":9,"ascent":8,"type":"bitmap"},{"file":"nlwar:emoji/advanced_lense.png","chars":[""],"height":9,"ascent":8,"type":"bitmap"},{"file":"nlwar:emoji/advanced_scheme.png","chars":[""],"height":9,"ascent":8,"type":"bitmap"},{"file":"nlwar:emoji/amethyst_shard.png","chars":[""],"height":9,"ascent":8,"type":"bitmap"},{"file":"nlwar:emoji/apple.png","chars":[""],"height":9,"ascent":8,"type":"bitmap"},{"file":"nlwar:emoji/armor_stand.png","chars":[""],"height":9,"ascent":8,"type":"bitmap"},{"file":"nlwar:emoji/arrow.png","chars":[""],"height":9,"ascent":8,"type":"bitmap"},{"file":"nlwar:emoji/axolotl_bucket.png","chars":[""],"height":9,"ascent":8,"type":"bitmap"},{"file":"nlwar:emoji/baked_potato.png","chars":[""],"height":9,"ascent":8,"type":"bitmap"},{"file":"nlwar:emoji/bamboo.png","chars":[""],"height":9,"ascent":8,"type":"bitmap"},{"file":"nlwar:emoji/bamboo_chest_raft.png","chars":[""],"height":9,"ascent":8,"type":"bitmap"},{"file":"nlwar:emoji/barrier.png","chars":[""],"height":9,"ascent":8,"type":"bitmap"},{"file":"nlwar:emoji/beef.png","chars":[""],"height":9,"ascent":8,"type":"bitmap"},{"file":"nlwar:emoji/beetroot.png","chars":[""],"height":9,"ascent":8,"type":"bitmap"},{"file":"nlwar:emoji/beetroot_seeds.png","chars":[""],"height":9,"ascent":8,"type":"bitmap"},{"file":"nlwar:emoji/beetroot_soup.png","chars":[""],"height":9,"ascent":8,"type":"bitmap"},{"file":"nlwar:emoji/bell.png","chars":[""],"height":9,"ascent":8,"type":"bitmap"},{"file":"nlwar:emoji/birch_boat.png","chars":[""],"height":9,"ascent":8,"type":"bitmap"},{"file":"nlwar:emoji/birch_door.png","chars":[""],"height":9,"ascent":8,"type":"bitmap"},{"file":"nlwar:emoji/birch_sign.png","chars":[""],"height":9,"ascent":8,"type":"bitmap"},{"file":"nlwar:emoji/black_candle.png","chars":[""],"height":9,"ascent":8,"type":"bitmap"},{"file":"nlwar:emoji/black_dye.png","chars":[""],"height":9,"ascent":8,"type":"bitmap"},{"file":"nlwar:emoji/blaze_powder.png","chars":[""],"height":9,"ascent":8,"type":"bitmap"},{"file":"nlwar:emoji/blaze_rod.png","chars":[""],"height":9,"ascent":8,"type":"bitmap"},{"file":"nlwar:emoji/blue_candle.png","chars":[""],"height":9,"ascent":8,"type":"bitmap"},{"file":"nlwar:emoji/blue_dye.png","chars":[""],"height":9,"ascent":8,"type":"bitmap"},{"file":"nlwar:emoji/bone.png","chars":[""],"height":9,"ascent":8,"type":"bitmap"},{"file":"nlwar:emoji/bone_meal.png","chars":[""],"height":9,"ascent":8,"type":"bitmap"},{"file":"nlwar:emoji/book.png","chars":[""],"height":9,"ascent":8,"type":"bitmap"},{"file":"nlwar:emoji/bow.png","chars":[""],"height":9,"ascent":8,"type":"bitmap"},{"file":"nlwar:emoji/bowl.png","chars":[""],"height":9,"ascent":8,"type":"bitmap"},{"file":"nlwar:emoji/bow_pulling_0.png","chars":[""],"height":9,"ascent":8,"type":"bitmap"},{"file":"nlwar:emoji/bow_pulling_1.png","chars":[""],"height":9,"ascent":8,"type":"bitmap"},{"file":"nlwar:emoji/bow_pulling_2.png","chars":[""],"height":9,"ascent":8,"type":"bitmap"},{"file":"nlwar:emoji/bread.png","chars":[""],"height":9,"ascent":8,"type":"bitmap"},{"file":"nlwar:emoji/brewing_stand.png","chars":[""],"height":9,"ascent":8,"type":"bitmap"},{"file":"nlwar:emoji/brick.png","chars":[""],"height":9,"ascent":8,"type":"bitmap"},{"file":"nlwar:emoji/broken_elytra.png","chars":[""],"height":9,"ascent":8,"type":"bitmap"},{"file":"nlwar:emoji/brown_candle.png","chars":[""],"height":9,"ascent":8,"type":"bitmap"},{"file":"nlwar:emoji/brown_dye.png","chars":[""],"height":9,"ascent":8,"type":"bitmap"},{"file":"nlwar:emoji/brush.png","chars":[""],"height":9,"ascent":8,"type":"bitmap"},{"file":"nlwar:emoji/bucket.png","chars":[""],"height":9,"ascent":8,"type":"bitmap"},{"file":"nlwar:emoji/cake.png","chars":[""],"height":9,"ascent":8,"type":"bitmap"},{"file":"nlwar:emoji/campfire.png","chars":[""],"height":9,"ascent":8,"type":"bitmap"},{"file":"nlwar:emoji/candle.png","chars":[""],"height":9,"ascent":8,"type":"bitmap"},{"file":"nlwar:emoji/carrot.png","chars":[""],"height":9,"ascent":8,"type":"bitmap"},{"file":"nlwar:emoji/carrot_on_a_stick.png","chars":[""],"height":9,"ascent":8,"type":"bitmap"},{"file":"nlwar:emoji/cauldron.png","chars":[""],"height":9,"ascent":8,"type":"bitmap"},{"file":"nlwar:emoji/cell.png","chars":[""],"height":9,"ascent":8,"type":"bitmap"},{"file":"nlwar:emoji/chain.png","chars":[""],"height":9,"ascent":8,"type":"bitmap"},{"file":"nlwar:emoji/chainmail_boots.png","chars":[""],"height":9,"ascent":8,"type":"bitmap"},{"file":"nlwar:emoji/chainmail_chestplate.png","chars":[""],"height":9,"ascent":8,"type":"bitmap"},{"file":"nlwar:emoji/chainmail_helmet.png","chars":[""],"height":9,"ascent":8,"type":"bitmap"},{"file":"nlwar:emoji/chainmail_leggings.png","chars":[""],"height":9,"ascent":8,"type":"bitmap"},{"file":"nlwar:emoji/charcoal.png","chars":[""],"height":9,"ascent":8,"type":"bitmap"},{"file":"nlwar:emoji/cheese.png","chars":[""],"height":9,"ascent":8,"type":"bitmap"},{"file":"nlwar:emoji/cheese_ball.png","chars":[""],"height":9,"ascent":8,"type":"bitmap"},{"file":"nlwar:emoji/chest_minecart.png","chars":[""],"height":9,"ascent":8,"type":"bitmap"},{"file":"nlwar:emoji/chicken.png","chars":[""],"height":9,"ascent":8,"type":"bitmap"},{"file":"nlwar:emoji/chorus_fruit.png","chars":[""],"height":9,"ascent":8,"type":"bitmap"},{"file":"nlwar:emoji/clay_ball.png","chars":[""],"height":9,"ascent":8,"type":"bitmap"},{"file":"nlwar:emoji/clock_00.png","chars":[""],"height":9,"ascent":8,"type":"bitmap"},{"file":"nlwar:emoji/clock_01.png","chars":[""],"height":9,"ascent":8,"type":"bitmap"},{"file":"nlwar:emoji/clock_02.png","chars":[""],"height":9,"ascent":8,"type":"bitmap"},{"file":"nlwar:emoji/clock_03.png","chars":[""],"height":9,"ascent":8,"type":"bitmap"},{"file":"nlwar:emoji/clock_04.png","chars":[""],"height":9,"ascent":8,"type":"bitmap"},{"file":"nlwar:emoji/clock_05.png","chars":[""],"height":9,"ascent":8,"type":"bitmap"},{"file":"nlwar:emoji/clock_06.png","chars":[""],"height":9,"ascent":8,"type":"bitmap"},{"file":"nlwar:emoji/clock_07.png","chars":[""],"height":9,"ascent":8,"type":"bitmap"},{"file":"nlwar:emoji/clock_08.png","chars":[""],"height":9,"ascent":8,"type":"bitmap"},{"file":"nlwar:emoji/clock_09.png","chars":[""],"height":9,"ascent":8,"type":"bitmap"},{"file":"nlwar:emoji/clock_10.png","chars":[""],"height":9,"ascent":8,"type":"bitmap"},{"file":"nlwar:emoji/clock_11.png","chars":[""],"height":9,"ascent":8,"type":"bitmap"},{"file":"nlwar:emoji/clock_12.png","chars":[""],"height":9,"ascent":8,"type":"bitmap"},{"file":"nlwar:emoji/clock_13.png","chars":[""],"height":9,"ascent":8,"type":"bitmap"},{"file":"nlwar:emoji/clock_14.png","chars":[""],"height":9,"ascent":8,"type":"bitmap"},{"file":"nlwar:emoji/clock_15.png","chars":[""],"height":9,"ascent":8,"type":"bitmap"},{"file":"nlwar:emoji/clock_16.png","chars":[""],"height":9,"ascent":8,"type":"bitmap"},{"file":"nlwar:emoji/clock_17.png","chars":[""],"height":9,"ascent":8,"type":"bitmap"},{"file":"nlwar:emoji/clock_18.png","chars":[""],"height":9,"ascent":8,"type":"bitmap"},{"file":"nlwar:emoji/clock_19.png","chars":[""],"height":9,"ascent":8,"type":"bitmap"},{"file":"nlwar:emoji/clock_20.png","chars":[""],"height":9,"ascent":8,"type":"bitmap"},{"file":"nlwar:emoji/clock_21.png","chars":[""],"height":9,"ascent":8,"type":"bitmap"},{"file":"nlwar:emoji/clock_22.png","chars":[""],"height":9,"ascent":8,"type":"bitmap"},{"file":"nlwar:emoji/clock_23.png","chars":[""],"height":9,"ascent":8,"type":"bitmap"},{"file":"nlwar:emoji/clock_24.png","chars":[""],"height":9,"ascent":8,"type":"bitmap"},{"file":"nlwar:emoji/clock_25.png","chars":[""],"height":9,"ascent":8,"type":"bitmap"},{"file":"nlwar:emoji/clock_26.png","chars":[""],"height":9,"ascent":8,"type":"bitmap"},{"file":"nlwar:emoji/clock_27.png","chars":[""],"height":9,"ascent":8,"type":"bitmap"},{"file":"nlwar:emoji/clock_28.png","chars":[""],"height":9,"ascent":8,"type":"bitmap"},{"file":"nlwar:emoji/clock_29.png","chars":[""],"height":9,"ascent":8,"type":"bitmap"},{"file":"nlwar:emoji/clock_30.png","chars":[""],"height":9,"ascent":8,"type":"bitmap"},{"file":"nlwar:emoji/clock_31.png","chars":[""],"height":9,"ascent":8,"type":"bitmap"},{"file":"nlwar:emoji/clock_32.png","chars":[""],"height":9,"ascent":8,"type":"bitmap"},{"file":"nlwar:emoji/clock_33.png","chars":[""],"height":9,"ascent":8,"type":"bitmap"},{"file":"nlwar:emoji/clock_34.png","chars":[""],"height":9,"ascent":8,"type":"bitmap"},{"file":"nlwar:emoji/clock_35.png","chars":[""],"height":9,"ascent":8,"type":"bitmap"},{"file":"nlwar:emoji/clock_36.png","chars":[""],"height":9,"ascent":8,"type":"bitmap"},{"file":"nlwar:emoji/clock_37.png","chars":[""],"height":9,"ascent":8,"type":"bitmap"},{"file":"nlwar:emoji/clock_38.png","chars":[""],"height":9,"ascent":8,"type":"bitmap"},{"file":"nlwar:emoji/clock_39.png","chars":[""],"height":9,"ascent":8,"type":"bitmap"},{"file":"nlwar:emoji/clock_40.png","chars":[""],"height":9,"ascent":8,"type":"bitmap"},{"file":"nlwar:emoji/clock_41.png","chars":[""],"height":9,"ascent":8,"type":"bitmap"},{"file":"nlwar:emoji/clock_42.png","chars":[""],"height":9,"ascent":8,"type":"bitmap"},{"file":"nlwar:emoji/clock_43.png","chars":[""],"height":9,"ascent":8,"type":"bitmap"},{"file":"nlwar:emoji/clock_44.png","chars":[""],"height":9,"ascent":8,"type":"bitmap"},{"file":"nlwar:emoji/clock_45.png","chars":[""],"height":9,"ascent":8,"type":"bitmap"},{"file":"nlwar:emoji/clock_46.png","chars":[""],"height":9,"ascent":8,"type":"bitmap"},{"file":"nlwar:emoji/clock_47.png","chars":[""],"height":9,"ascent":8,"type":"bitmap"},{"file":"nlwar:emoji/clock_48.png","chars":[""],"height":9,"ascent":8,"type":"bitmap"},{"file":"nlwar:emoji/clock_49.png","chars":[""],"height":9,"ascent":8,"type":"bitmap"},{"file":"nlwar:emoji/clock_50.png","chars":[""],"height":9,"ascent":8,"type":"bitmap"},{"file":"nlwar:emoji/clock_51.png","chars":[""],"height":9,"ascent":8,"type":"bitmap"},{"file":"nlwar:emoji/clock_52.png","chars":[""],"height":9,"ascent":8,"type":"bitmap"},{"file":"nlwar:emoji/clock_53.png","chars":[""],"height":9,"ascent":8,"type":"bitmap"},{"file":"nlwar:emoji/clock_54.png","chars":[""],"height":9,"ascent":8,"type":"bitmap"},{"file":"nlwar:emoji/clock_55.png","chars":[""],"height":9,"ascent":8,"type":"bitmap"},{"file":"nlwar:emoji/clock_56.png","chars":[""],"height":9,"ascent":8,"type":"bitmap"},{"file":"nlwar:emoji/clock_57.png","chars":[""],"height":9,"ascent":8,"type":"bitmap"},{"file":"nlwar:emoji/clock_58.png","chars":[""],"height":9,"ascent":8,"type":"bitmap"},{"file":"nlwar:emoji/clock_59.png","chars":[""],"height":9,"ascent":8,"type":"bitmap"},{"file":"nlwar:emoji/clock_60.png","chars":[""],"height":9,"ascent":8,"type":"bitmap"},{"file":"nlwar:emoji/clock_61.png","chars":[""],"height":9,"ascent":8,"type":"bitmap"},{"file":"nlwar:emoji/clock_62.png","chars":[""],"height":9,"ascent":8,"type":"bitmap"},{"file":"nlwar:emoji/clock_63.png","chars":[""],"height":9,"ascent":8,"type":"bitmap"},{"file":"nlwar:emoji/coal.png","chars":[""],"height":9,"ascent":8,"type":"bitmap"},{"file":"nlwar:emoji/cocoa_beans.png","chars":[""],"height":9,"ascent":8,"type":"bitmap"},{"file":"nlwar:emoji/cod.png","chars":[""],"height":9,"ascent":8,"type":"bitmap"},{"file":"nlwar:emoji/cod_bucket.png","chars":[""],"height":9,"ascent":8,"type":"bitmap"},{"file":"nlwar:emoji/command_block_minecart.png","chars":[""],"height":9,"ascent":8,"type":"bitmap"},{"file":"nlwar:emoji/comparator.png","chars":[""],"height":9,"ascent":8,"type":"bitmap"},{"file":"nlwar:emoji/compass_00.png","chars":[""],"height":9,"ascent":8,"type":"bitmap"},{"file":"nlwar:emoji/compass_01.png","chars":[""],"height":9,"ascent":8,"type":"bitmap"},{"file":"nlwar:emoji/compass_02.png","chars":[""],"height":9,"ascent":8,"type":"bitmap"},{"file":"nlwar:emoji/compass_03.png","chars":[""],"height":9,"ascent":8,"type":"bitmap"},{"file":"nlwar:emoji/compass_04.png","chars":[""],"height":9,"ascent":8,"type":"bitmap"},{"file":"nlwar:emoji/compass_05.png","chars":[""],"height":9,"ascent":8,"type":"bitmap"},{"file":"nlwar:emoji/compass_06.png","chars":[""],"height":9,"ascent":8,"type":"bitmap"},{"file":"nlwar:emoji/compass_07.png","chars":[""],"height":9,"ascent":8,"type":"bitmap"},{"file":"nlwar:emoji/compass_08.png","chars":[""],"height":9,"ascent":8,"type":"bitmap"},{"file":"nlwar:emoji/compass_09.png","chars":[""],"height":9,"ascent":8,"type":"bitmap"},{"file":"nlwar:emoji/compass_10.png","chars":[""],"height":9,"ascent":8,"type":"bitmap"},{"file":"nlwar:emoji/compass_11.png","chars":[""],"height":9,"ascent":8,"type":"bitmap"},{"file":"nlwar:emoji/compass_12.png","chars":[""],"height":9,"ascent":8,"type":"bitmap"},{"file":"nlwar:emoji/compass_13.png","chars":[""],"height":9,"ascent":8,"type":"bitmap"},{"file":"nlwar:emoji/compass_14.png","chars":[""],"height":9,"ascent":8,"type":"bitmap"},{"file":"nlwar:emoji/compass_15.png","chars":[""],"height":9,"ascent":8,"type":"bitmap"},{"file":"nlwar:emoji/compass_16.png","chars":[""],"height":9,"ascent":8,"type":"bitmap"},{"file":"nlwar:emoji/compass_17.png","chars":[""],"height":9,"ascent":8,"type":"bitmap"},{"file":"nlwar:emoji/compass_18.png","chars":[""],"height":9,"ascent":8,"type":"bitmap"},{"file":"nlwar:emoji/compass_19.png","chars":[""],"height":9,"ascent":8,"type":"bitmap"},{"file":"nlwar:emoji/compass_20.png","chars":[""],"height":9,"ascent":8,"type":"bitmap"},{"file":"nlwar:emoji/compass_21.png","chars":[""],"height":9,"ascent":8,"type":"bitmap"},{"file":"nlwar:emoji/compass_22.png","chars":[""],"height":9,"ascent":8,"type":"bitmap"},{"file":"nlwar:emoji/compass_23.png","chars":[""],"height":9,"ascent":8,"type":"bitmap"},{"file":"nlwar:emoji/compass_24.png","chars":[""],"height":9,"ascent":8,"type":"bitmap"},{"file":"nlwar:emoji/compass_25.png","chars":[""],"height":9,"ascent":8,"type":"bitmap"},{"file":"nlwar:emoji/compass_26.png","chars":[""],"height":9,"ascent":8,"type":"bitmap"},{"file":"nlwar:emoji/compass_27.png","chars":[""],"height":9,"ascent":8,"type":"bitmap"},{"file":"nlwar:emoji/compass_28.png","chars":[""],"height":9,"ascent":8,"type":"bitmap"},{"file":"nlwar:emoji/compass_29.png","chars":[""],"height":9,"ascent":8,"type":"bitmap"},{"file":"nlwar:emoji/compass_30.png","chars":[""],"height":9,"ascent":8,"type":"bitmap"},{"file":"nlwar:emoji/compass_31.png","chars":[""],"height":9,"ascent":8,"type":"bitmap"},{"file":"nlwar:emoji/cooked_beef.png","chars":[""],"height":9,"ascent":8,"type":"bitmap"},{"file":"nlwar:emoji/cooked_chicken.png","chars":[""],"height":9,"ascent":8,"type":"bitmap"},{"file":"nlwar:emoji/cooked_cod.png","chars":[""],"height":9,"ascent":8,"type":"bitmap"},{"file":"nlwar:emoji/cooked_mutton.png","chars":[""],"height":9,"ascent":8,"type":"bitmap"},{"file":"nlwar:emoji/cooked_porkchop.png","chars":[""],"height":9,"ascent":8,"type":"bitmap"},{"file":"nlwar:emoji/cooked_rabbit.png","chars":[""],"height":9,"ascent":8,"type":"bitmap"},{"file":"nlwar:emoji/cooked_salmon.png","chars":[""],"height":9,"ascent":8,"type":"bitmap"},{"file":"nlwar:emoji/cookie.png","chars":[""],"height":9,"ascent":8,"type":"bitmap"},{"file":"nlwar:emoji/copper_ingot.png","chars":[""],"height":9,"ascent":8,"type":"bitmap"},{"file":"nlwar:emoji/creeper_banner_pattern.png","chars":[""],"height":9,"ascent":8,"type":"bitmap"},{"file":"nlwar:emoji/crimson_door.png","chars":[""],"height":9,"ascent":8,"type":"bitmap"},{"file":"nlwar:emoji/crimson_sign.png","chars":[""],"height":9,"ascent":8,"type":"bitmap"},{"file":"nlwar:emoji/crossbow_arrow.png","chars":[""],"height":9,"ascent":8,"type":"bitmap"},{"file":"nlwar:emoji/crossbow_firework.png","chars":[""],"height":9,"ascent":8,"type":"bitmap"},{"file":"nlwar:emoji/crossbow_pulling_0.png","chars":[""],"height":9,"ascent":8,"type":"bitmap"},{"file":"nlwar:emoji/crossbow_pulling_1.png","chars":[""],"height":9,"ascent":8,"type":"bitmap"},{"file":"nlwar:emoji/crossbow_pulling_2.png","chars":[""],"height":9,"ascent":8,"type":"bitmap"},{"file":"nlwar:emoji/crossbow_standby.png","chars":[""],"height":9,"ascent":8,"type":"bitmap"},{"file":"nlwar:emoji/cyan_candle.png","chars":[""],"height":9,"ascent":8,"type":"bitmap"},{"file":"nlwar:emoji/cyan_dye.png","chars":[""],"height":9,"ascent":8,"type":"bitmap"},{"file":"nlwar:emoji/dark_oak_boat.png","chars":[""],"height":9,"ascent":8,"type":"bitmap"},{"file":"nlwar:emoji/dark_oak_door.png","chars":[""],"height":9,"ascent":8,"type":"bitmap"},{"file":"nlwar:emoji/dark_oak_sign.png","chars":[""],"height":9,"ascent":8,"type":"bitmap"},{"file":"nlwar:emoji/diamond.png","chars":[""],"height":9,"ascent":8,"type":"bitmap"},{"file":"nlwar:emoji/diamond_axe.png","chars":[""],"height":9,"ascent":8,"type":"bitmap"},{"file":"nlwar:emoji/diamond_boots.png","chars":[""],"height":9,"ascent":8,"type":"bitmap"},{"file":"nlwar:emoji/diamond_chestplate.png","chars":[""],"height":9,"ascent":8,"type":"bitmap"},{"file":"nlwar:emoji/diamond_helmet.png","chars":[""],"height":9,"ascent":8,"type":"bitmap"},{"file":"nlwar:emoji/diamond_hoe.png","chars":[""],"height":9,"ascent":8,"type":"bitmap"},{"file":"nlwar:emoji/diamond_horse_armor.png","chars":[""],"height":9,"ascent":8,"type":"bitmap"},{"file":"nlwar:emoji/diamond_leggings.png","chars":[""],"height":9,"ascent":8,"type":"bitmap"},{"file":"nlwar:emoji/diamond_pickaxe.png","chars":[""],"height":9,"ascent":8,"type":"bitmap"},{"file":"nlwar:emoji/diamond_shovel.png","chars":[""],"height":9,"ascent":8,"type":"bitmap"},{"file":"nlwar:emoji/diamond_sword.png","chars":[""],"height":9,"ascent":8,"type":"bitmap"},{"file":"nlwar:emoji/disc_fragment_5.png","chars":[""],"height":9,"ascent":8,"type":"bitmap"},{"file":"nlwar:emoji/dragon_breath.png","chars":[""],"height":9,"ascent":8,"type":"bitmap"},{"file":"nlwar:emoji/dried_kelp.png","chars":[""],"height":9,"ascent":8,"type":"bitmap"},{"file":"nlwar:emoji/dune_armor_trim_smithing_template.png","chars":[""],"height":9,"ascent":8,"type":"bitmap"},{"file":"nlwar:emoji/echo_shard.png","chars":[""],"height":9,"ascent":8,"type":"bitmap"},{"file":"nlwar:emoji/egg.png","chars":[""],"height":9,"ascent":8,"type":"bitmap"},{"file":"nlwar:emoji/elytra.png","chars":[""],"height":9,"ascent":8,"type":"bitmap"},{"file":"nlwar:emoji/emerald.png","chars":[""],"height":9,"ascent":8,"type":"bitmap"},{"file":"nlwar:emoji/enchanted_book.png","chars":[""],"height":9,"ascent":8,"type":"bitmap"},{"file":"nlwar:emoji/ender_eye.png","chars":[""],"height":9,"ascent":8,"type":"bitmap"},{"file":"nlwar:emoji/ender_pearl.png","chars":[""],"height":9,"ascent":8,"type":"bitmap"},{"file":"nlwar:emoji/end_crystal.png","chars":[""],"height":9,"ascent":8,"type":"bitmap"},{"file":"nlwar:emoji/energy_orb.png","chars":[""],"height":9,"ascent":8,"type":"bitmap"},{"file":"nlwar:emoji/experience_bottle.png","chars":[""],"height":9,"ascent":8,"type":"bitmap"},{"file":"nlwar:emoji/feather.png","chars":[""],"height":9,"ascent":8,"type":"bitmap"},{"file":"nlwar:emoji/fermented_spider_eye.png","chars":[""],"height":9,"ascent":8,"type":"bitmap"},{"file":"nlwar:emoji/filled_map.png","chars":[""],"height":9,"ascent":8,"type":"bitmap"},{"file":"nlwar:emoji/firework_rocket.png","chars":[""],"height":9,"ascent":8,"type":"bitmap"},{"file":"nlwar:emoji/fire_charge.png","chars":[""],"height":9,"ascent":8,"type":"bitmap"},{"file":"nlwar:emoji/fishing_rod.png","chars":[""],"height":9,"ascent":8,"type":"bitmap"},{"file":"nlwar:emoji/fishing_rod_cast.png","chars":[""],"height":9,"ascent":8,"type":"bitmap"},{"file":"nlwar:emoji/flint.png","chars":[""],"height":9,"ascent":8,"type":"bitmap"},{"file":"nlwar:emoji/flint_and_steel.png","chars":[""],"height":9,"ascent":8,"type":"bitmap"},{"file":"nlwar:emoji/flower_banner_pattern.png","chars":[""],"height":9,"ascent":8,"type":"bitmap"},{"file":"nlwar:emoji/flower_pot.png","chars":[""],"height":9,"ascent":8,"type":"bitmap"},{"file":"nlwar:emoji/furnace_minecart.png","chars":[""],"height":9,"ascent":8,"type":"bitmap"},{"file":"nlwar:emoji/ghast_tear.png","chars":[""],"height":9,"ascent":8,"type":"bitmap"},{"file":"nlwar:emoji/glass_bottle.png","chars":[""],"height":9,"ascent":8,"type":"bitmap"},{"file":"nlwar:emoji/glistering_melon_slice.png","chars":[""],"height":9,"ascent":8,"type":"bitmap"},{"file":"nlwar:emoji/globe_banner_pattern.png","chars":[""],"height":9,"ascent":8,"type":"bitmap"},{"file":"nlwar:emoji/glowstone_dust.png","chars":[""],"height":9,"ascent":8,"type":"bitmap"},{"file":"nlwar:emoji/glow_berries.png","chars":[""],"height":9,"ascent":8,"type":"bitmap"},{"file":"nlwar:emoji/glow_ink_sac.png","chars":[""],"height":9,"ascent":8,"type":"bitmap"},{"file":"nlwar:emoji/glow_item_frame.png","chars":[""],"height":9,"ascent":8,"type":"bitmap"},{"file":"nlwar:emoji/goat_horn.png","chars":[""],"height":9,"ascent":8,"type":"bitmap"},{"file":"nlwar:emoji/golden_apple.png","chars":[""],"height":9,"ascent":8,"type":"bitmap"},{"file":"nlwar:emoji/golden_axe.png","chars":[""],"height":9,"ascent":8,"type":"bitmap"},{"file":"nlwar:emoji/golden_boots.png","chars":[""],"height":9,"ascent":8,"type":"bitmap"},{"file":"nlwar:emoji/golden_carrot.png","chars":[""],"height":9,"ascent":8,"type":"bitmap"},{"file":"nlwar:emoji/golden_chestplate.png","chars":[""],"height":9,"ascent":8,"type":"bitmap"},{"file":"nlwar:emoji/golden_helmet.png","chars":[""],"height":9,"ascent":8,"type":"bitmap"},{"file":"nlwar:emoji/golden_hoe.png","chars":[""],"height":9,"ascent":8,"type":"bitmap"},{"file":"nlwar:emoji/golden_horse_armor.png","chars":[""],"height":9,"ascent":8,"type":"bitmap"},{"file":"nlwar:emoji/golden_leggings.png","chars":[""],"height":9,"ascent":8,"type":"bitmap"},{"file":"nlwar:emoji/golden_pickaxe.png","chars":[""],"height":9,"ascent":8,"type":"bitmap"},{"file":"nlwar:emoji/golden_shovel.png","chars":[""],"height":9,"ascent":8,"type":"bitmap"},{"file":"nlwar:emoji/golden_sword.png","chars":[""],"height":9,"ascent":8,"type":"bitmap"},{"file":"nlwar:emoji/gold_ingot.png","chars":[""],"height":9,"ascent":8,"type":"bitmap"},{"file":"nlwar:emoji/gold_nugget.png","chars":[""],"height":9,"ascent":8,"type":"bitmap"},{"file":"nlwar:emoji/gray_candle.png","chars":[""],"height":9,"ascent":8,"type":"bitmap"},{"file":"nlwar:emoji/gray_dye.png","chars":[""],"height":9,"ascent":8,"type":"bitmap"},{"file":"nlwar:emoji/green_candle.png","chars":[""],"height":9,"ascent":8,"type":"bitmap"},{"file":"nlwar:emoji/green_dye.png","chars":[""],"height":9,"ascent":8,"type":"bitmap"},{"file":"nlwar:emoji/gunpowder.png","chars":[""],"height":9,"ascent":8,"type":"bitmap"},{"file":"nlwar:emoji/heart_of_the_sea.png","chars":[""],"height":9,"ascent":8,"type":"bitmap"},{"file":"nlwar:emoji/honeycomb.png","chars":[""],"height":9,"ascent":8,"type":"bitmap"},{"file":"nlwar:emoji/honey_bottle.png","chars":[""],"height":9,"ascent":8,"type":"bitmap"},{"file":"nlwar:emoji/hopper.png","chars":[""],"height":9,"ascent":8,"type":"bitmap"},{"file":"nlwar:emoji/hopper_minecart.png","chars":[""],"height":9,"ascent":8,"type":"bitmap"},{"file":"nlwar:emoji/ink_sac.png","chars":[""],"height":9,"ascent":8,"type":"bitmap"},{"file":"nlwar:emoji/iron_axe.png","chars":[""],"height":9,"ascent":8,"type":"bitmap"},{"file":"nlwar:emoji/iron_boots.png","chars":[""],"height":9,"ascent":8,"type":"bitmap"},{"file":"nlwar:emoji/iron_chestplate.png","chars":[""],"height":9,"ascent":8,"type":"bitmap"},{"file":"nlwar:emoji/iron_door.png","chars":[""],"height":9,"ascent":8,"type":"bitmap"},{"file":"nlwar:emoji/iron_helmet.png","chars":[""],"height":9,"ascent":8,"type":"bitmap"},{"file":"nlwar:emoji/iron_hoe.png","chars":[""],"height":9,"ascent":8,"type":"bitmap"},{"file":"nlwar:emoji/iron_horse_armor.png","chars":[""],"height":9,"ascent":8,"type":"bitmap"},{"file":"nlwar:emoji/iron_ingot.png","chars":[""],"height":9,"ascent":8,"type":"bitmap"},{"file":"nlwar:emoji/iron_leggings.png","chars":[""],"height":9,"ascent":8,"type":"bitmap"},{"file":"nlwar:emoji/iron_nugget.png","chars":[""],"height":9,"ascent":8,"type":"bitmap"},{"file":"nlwar:emoji/iron_pickaxe.png","chars":[""],"height":9,"ascent":8,"type":"bitmap"},{"file":"nlwar:emoji/iron_shovel.png","chars":[""],"height":9,"ascent":8,"type":"bitmap"},{"file":"nlwar:emoji/iron_sword.png","chars":[""],"height":9,"ascent":8,"type":"bitmap"},{"file":"nlwar:emoji/item_frame.png","chars":[""],"height":9,"ascent":8,"type":"bitmap"},{"file":"nlwar:emoji/jungle_boat.png","chars":[""],"height":9,"ascent":8,"type":"bitmap"},{"file":"nlwar:emoji/jungle_door.png","chars":[""],"height":9,"ascent":8,"type":"bitmap"},{"file":"nlwar:emoji/jungle_sign.png","chars":[""],"height":9,"ascent":8,"type":"bitmap"},{"file":"nlwar:emoji/kelp.png","chars":[""],"height":9,"ascent":8,"type":"bitmap"},{"file":"nlwar:emoji/key.png","chars":[""],"height":9,"ascent":8,"type":"bitmap"},{"file":"nlwar:emoji/lantern.png","chars":[""],"height":9,"ascent":8,"type":"bitmap"},{"file":"nlwar:emoji/lapis_lazuli.png","chars":[""],"height":9,"ascent":8,"type":"bitmap"},{"file":"nlwar:emoji/lava_bucket.png","chars":[""],"height":9,"ascent":8,"type":"bitmap"},{"file":"nlwar:emoji/lead.png","chars":[""],"height":9,"ascent":8,"type":"bitmap"},{"file":"nlwar:emoji/lead_ingot.png","chars":[""],"height":9,"ascent":8,"type":"bitmap"},{"file":"nlwar:emoji/leather.png","chars":[""],"height":9,"ascent":8,"type":"bitmap"},{"file":"nlwar:emoji/lense.png","chars":[""],"height":9,"ascent":8,"type":"bitmap"},{"file":"nlwar:emoji/light.png","chars":[""],"height":9,"ascent":8,"type":"bitmap"},{"file":"nlwar:emoji/light_00.png","chars":[""],"height":9,"ascent":8,"type":"bitmap"},{"file":"nlwar:emoji/light_01.png","chars":[""],"height":9,"ascent":8,"type":"bitmap"},{"file":"nlwar:emoji/light_02.png","chars":[""],"height":9,"ascent":8,"type":"bitmap"},{"file":"nlwar:emoji/light_03.png","chars":[""],"height":9,"ascent":8,"type":"bitmap"},{"file":"nlwar:emoji/light_04.png","chars":[""],"height":9,"ascent":8,"type":"bitmap"},{"file":"nlwar:emoji/light_05.png","chars":[""],"height":9,"ascent":8,"type":"bitmap"},{"file":"nlwar:emoji/light_06.png","chars":[""],"height":9,"ascent":8,"type":"bitmap"},{"file":"nlwar:emoji/light_07.png","chars":[""],"height":9,"ascent":8,"type":"bitmap"},{"file":"nlwar:emoji/light_08.png","chars":[""],"height":9,"ascent":8,"type":"bitmap"},{"file":"nlwar:emoji/light_09.png","chars":[""],"height":9,"ascent":8,"type":"bitmap"},{"file":"nlwar:emoji/light_10.png","chars":[""],"height":9,"ascent":8,"type":"bitmap"},{"file":"nlwar:emoji/light_11.png","chars":[""],"height":9,"ascent":8,"type":"bitmap"},{"file":"nlwar:emoji/light_12.png","chars":[""],"height":9,"ascent":8,"type":"bitmap"},{"file":"nlwar:emoji/light_13.png","chars":[""],"height":9,"ascent":8,"type":"bitmap"},{"file":"nlwar:emoji/light_14.png","chars":[""],"height":9,"ascent":8,"type":"bitmap"},{"file":"nlwar:emoji/light_15.png","chars":[""],"height":9,"ascent":8,"type":"bitmap"},{"file":"nlwar:emoji/light_blue_candle.png","chars":[""],"height":9,"ascent":8,"type":"bitmap"},{"file":"nlwar:emoji/light_blue_dye.png","chars":[""],"height":9,"ascent":8,"type":"bitmap"},{"file":"nlwar:emoji/light_gray_candle.png","chars":[""],"height":9,"ascent":8,"type":"bitmap"},{"file":"nlwar:emoji/light_gray_dye.png","chars":[""],"height":9,"ascent":8,"type":"bitmap"},{"file":"nlwar:emoji/lime_candle.png","chars":[""],"height":9,"ascent":8,"type":"bitmap"},{"file":"nlwar:emoji/lime_dye.png","chars":[""],"height":9,"ascent":8,"type":"bitmap"},{"file":"nlwar:emoji/lingering_potion.png","chars":[""],"height":9,"ascent":8,"type":"bitmap"},{"file":"nlwar:emoji/magenta_candle.png","chars":[""],"height":9,"ascent":8,"type":"bitmap"},{"file":"nlwar:emoji/magenta_dye.png","chars":[""],"height":9,"ascent":8,"type":"bitmap"},{"file":"nlwar:emoji/magma_cream.png","chars":[""],"height":9,"ascent":8,"type":"bitmap"},{"file":"nlwar:emoji/mangrove_boat.png","chars":[""],"height":9,"ascent":8,"type":"bitmap"},{"file":"nlwar:emoji/mangrove_chest_boat.png","chars":[""],"height":9,"ascent":8,"type":"bitmap"},{"file":"nlwar:emoji/mangrove_door.png","chars":[""],"height":9,"ascent":8,"type":"bitmap"},{"file":"nlwar:emoji/mangrove_hanging_sign.png","chars":[""],"height":9,"ascent":8,"type":"bitmap"},{"file":"nlwar:emoji/mangrove_propagule.png","chars":[""],"height":9,"ascent":8,"type":"bitmap"},{"file":"nlwar:emoji/mangrove_sign.png","chars":[""],"height":9,"ascent":8,"type":"bitmap"},{"file":"nlwar:emoji/map.png","chars":[""],"height":9,"ascent":8,"type":"bitmap"},{"file":"nlwar:emoji/melon_seeds.png","chars":[""],"height":9,"ascent":8,"type":"bitmap"},{"file":"nlwar:emoji/melon_slice.png","chars":[""],"height":9,"ascent":8,"type":"bitmap"},{"file":"nlwar:emoji/milk_bucket.png","chars":[""],"height":9,"ascent":8,"type":"bitmap"},{"file":"nlwar:emoji/minecart.png","chars":[""],"height":9,"ascent":8,"type":"bitmap"},{"file":"nlwar:emoji/mojang_banner_pattern.png","chars":[""],"height":9,"ascent":8,"type":"bitmap"},{"file":"nlwar:emoji/mushroom_stew.png","chars":[""],"height":9,"ascent":8,"type":"bitmap"},{"file":"nlwar:emoji/music_disc_11.png","chars":[""],"height":9,"ascent":8,"type":"bitmap"},{"file":"nlwar:emoji/music_disc_13.png","chars":[""],"height":9,"ascent":8,"type":"bitmap"},{"file":"nlwar:emoji/music_disc_5.png","chars":[""],"height":9,"ascent":8,"type":"bitmap"},{"file":"nlwar:emoji/music_disc_blocks.png","chars":[""],"height":9,"ascent":8,"type":"bitmap"},{"file":"nlwar:emoji/music_disc_cat.png","chars":[""],"height":9,"ascent":8,"type":"bitmap"},{"file":"nlwar:emoji/music_disc_chirp.png","chars":[""],"height":9,"ascent":8,"type":"bitmap"},{"file":"nlwar:emoji/music_disc_far.png","chars":[""],"height":9,"ascent":8,"type":"bitmap"},{"file":"nlwar:emoji/music_disc_mall.png","chars":[""],"height":9,"ascent":8,"type":"bitmap"},{"file":"nlwar:emoji/music_disc_mellohi.png","chars":[""],"height":9,"ascent":8,"type":"bitmap"},{"file":"nlwar:emoji/music_disc_otherside.png","chars":[""],"height":9,"ascent":8,"type":"bitmap"},{"file":"nlwar:emoji/music_disc_pigstep.png","chars":[""],"height":9,"ascent":8,"type":"bitmap"},{"file":"nlwar:emoji/music_disc_stal.png","chars":[""],"height":9,"ascent":8,"type":"bitmap"},{"file":"nlwar:emoji/music_disc_strad.png","chars":[""],"height":9,"ascent":8,"type":"bitmap"},{"file":"nlwar:emoji/music_disc_wait.png","chars":[""],"height":9,"ascent":8,"type":"bitmap"},{"file":"nlwar:emoji/music_disc_ward.png","chars":[""],"height":9,"ascent":8,"type":"bitmap"},{"file":"nlwar:emoji/mutton.png","chars":[""],"height":9,"ascent":8,"type":"bitmap"},{"file":"nlwar:emoji/name_tag.png","chars":[""],"height":9,"ascent":8,"type":"bitmap"},{"file":"nlwar:emoji/nautilus_shell.png","chars":[""],"height":9,"ascent":8,"type":"bitmap"},{"file":"nlwar:emoji/netherite_axe.png","chars":[""],"height":9,"ascent":8,"type":"bitmap"},{"file":"nlwar:emoji/netherite_boots.png","chars":[""],"height":9,"ascent":8,"type":"bitmap"},{"file":"nlwar:emoji/netherite_chestplate.png","chars":[""],"height":9,"ascent":8,"type":"bitmap"},{"file":"nlwar:emoji/netherite_helmet.png","chars":[""],"height":9,"ascent":8,"type":"bitmap"},{"file":"nlwar:emoji/netherite_hoe.png","chars":[""],"height":9,"ascent":8,"type":"bitmap"},{"file":"nlwar:emoji/netherite_ingot.png","chars":[""],"height":9,"ascent":8,"type":"bitmap"},{"file":"nlwar:emoji/netherite_leggings.png","chars":[""],"height":9,"ascent":8,"type":"bitmap"},{"file":"nlwar:emoji/netherite_pickaxe.png","chars":[""],"height":9,"ascent":8,"type":"bitmap"},{"file":"nlwar:emoji/netherite_scrap.png","chars":[""],"height":9,"ascent":8,"type":"bitmap"},{"file":"nlwar:emoji/netherite_shovel.png","chars":[""],"height":9,"ascent":8,"type":"bitmap"},{"file":"nlwar:emoji/netherite_sword.png","chars":[""],"height":9,"ascent":8,"type":"bitmap"},{"file":"nlwar:emoji/netherite_upgrade_smithing_template.png","chars":[""],"height":9,"ascent":8,"type":"bitmap"},{"file":"nlwar:emoji/nether_brick.png","chars":[""],"height":9,"ascent":8,"type":"bitmap"},{"file":"nlwar:emoji/nether_sprouts.png","chars":[""],"height":9,"ascent":8,"type":"bitmap"},{"file":"nlwar:emoji/nether_star.png","chars":[""],"height":9,"ascent":8,"type":"bitmap"},{"file":"nlwar:emoji/nether_wart.png","chars":[""],"height":9,"ascent":8,"type":"bitmap"},{"file":"nlwar:emoji/oak_boat.png","chars":[""],"height":9,"ascent":8,"type":"bitmap"},{"file":"nlwar:emoji/oak_door.png","chars":[""],"height":9,"ascent":8,"type":"bitmap"},{"file":"nlwar:emoji/oak_sign.png","chars":[""],"height":9,"ascent":8,"type":"bitmap"},{"file":"nlwar:emoji/oiled_gunpowder.png","chars":[""],"height":9,"ascent":8,"type":"bitmap"},{"file":"nlwar:emoji/orange_candle.png","chars":[""],"height":9,"ascent":8,"type":"bitmap"},{"file":"nlwar:emoji/orange_dye.png","chars":[""],"height":9,"ascent":8,"type":"bitmap"},{"file":"nlwar:emoji/painting.png","chars":[""],"height":9,"ascent":8,"type":"bitmap"},{"file":"nlwar:emoji/paper.png","chars":[""],"height":9,"ascent":8,"type":"bitmap"},{"file":"nlwar:emoji/phantom_membrane.png","chars":[""],"height":9,"ascent":8,"type":"bitmap"},{"file":"nlwar:emoji/piglin_banner_pattern.png","chars":[""],"height":9,"ascent":8,"type":"bitmap"},{"file":"nlwar:emoji/pink_candle.png","chars":[""],"height":9,"ascent":8,"type":"bitmap"},{"file":"nlwar:emoji/pink_dye.png","chars":[""],"height":9,"ascent":8,"type":"bitmap"},{"file":"nlwar:emoji/pink_petals.png","chars":[""],"height":9,"ascent":8,"type":"bitmap"},{"file":"nlwar:emoji/pointed_dripstone.png","chars":[""],"height":9,"ascent":8,"type":"bitmap"},{"file":"nlwar:emoji/poisonous_potato.png","chars":[""],"height":9,"ascent":8,"type":"bitmap"},{"file":"nlwar:emoji/popped_chorus_fruit.png","chars":[""],"height":9,"ascent":8,"type":"bitmap"},{"file":"nlwar:emoji/porkchop.png","chars":[""],"height":9,"ascent":8,"type":"bitmap"},{"file":"nlwar:emoji/potato.png","chars":[""],"height":9,"ascent":8,"type":"bitmap"},{"file":"nlwar:emoji/potion.png","chars":[""],"height":9,"ascent":8,"type":"bitmap"},{"file":"nlwar:emoji/powder_snow_bucket.png","chars":[""],"height":9,"ascent":8,"type":"bitmap"},{"file":"nlwar:emoji/prismarine_crystals.png","chars":[""],"height":9,"ascent":8,"type":"bitmap"},{"file":"nlwar:emoji/prismarine_shard.png","chars":[""],"height":9,"ascent":8,"type":"bitmap"},{"file":"nlwar:emoji/pufferfish.png","chars":[""],"height":9,"ascent":8,"type":"bitmap"},{"file":"nlwar:emoji/pufferfish_bucket.png","chars":[""],"height":9,"ascent":8,"type":"bitmap"},{"file":"nlwar:emoji/pumpkin_pie.png","chars":[""],"height":9,"ascent":8,"type":"bitmap"},{"file":"nlwar:emoji/pumpkin_seeds.png","chars":[""],"height":9,"ascent":8,"type":"bitmap"},{"file":"nlwar:emoji/purple_candle.png","chars":[""],"height":9,"ascent":8,"type":"bitmap"},{"file":"nlwar:emoji/purple_dye.png","chars":[""],"height":9,"ascent":8,"type":"bitmap"},{"file":"nlwar:emoji/quartz.png","chars":[""],"height":9,"ascent":8,"type":"bitmap"},{"file":"nlwar:emoji/rabbit.png","chars":[""],"height":9,"ascent":8,"type":"bitmap"},{"file":"nlwar:emoji/rabbit_foot.png","chars":[""],"height":9,"ascent":8,"type":"bitmap"},{"file":"nlwar:emoji/rabbit_hide.png","chars":[""],"height":9,"ascent":8,"type":"bitmap"},{"file":"nlwar:emoji/rabbit_stew.png","chars":[""],"height":9,"ascent":8,"type":"bitmap"},{"file":"nlwar:emoji/raw_copper.png","chars":[""],"height":9,"ascent":8,"type":"bitmap"},{"file":"nlwar:emoji/raw_gold.png","chars":[""],"height":9,"ascent":8,"type":"bitmap"},{"file":"nlwar:emoji/raw_iron.png","chars":[""],"height":9,"ascent":8,"type":"bitmap"},{"file":"nlwar:emoji/raw_uranium.png","chars":[""],"height":9,"ascent":8,"type":"bitmap"},{"file":"nlwar:emoji/redstone.png","chars":[""],"height":9,"ascent":8,"type":"bitmap"},{"file":"nlwar:emoji/red_candle.png","chars":[""],"height":9,"ascent":8,"type":"bitmap"},{"file":"nlwar:emoji/red_dye.png","chars":[""],"height":9,"ascent":8,"type":"bitmap"},{"file":"nlwar:emoji/repeater.png","chars":[""],"height":9,"ascent":8,"type":"bitmap"},{"file":"nlwar:emoji/rotten_flesh.png","chars":[""],"height":9,"ascent":8,"type":"bitmap"},{"file":"nlwar:emoji/saddle.png","chars":[""],"height":9,"ascent":8,"type":"bitmap"},{"file":"nlwar:emoji/salmon.png","chars":[""],"height":9,"ascent":8,"type":"bitmap"},{"file":"nlwar:emoji/salmon_bucket.png","chars":[""],"height":9,"ascent":8,"type":"bitmap"},{"file":"nlwar:emoji/scheme.png","chars":[""],"height":9,"ascent":8,"type":"bitmap"},{"file":"nlwar:emoji/scute.png","chars":[""],"height":9,"ascent":8,"type":"bitmap"},{"file":"nlwar:emoji/seagrass.png","chars":[""],"height":9,"ascent":8,"type":"bitmap"},{"file":"nlwar:emoji/sea_pickle.png","chars":[""],"height":9,"ascent":8,"type":"bitmap"},{"file":"nlwar:emoji/shears.png","chars":[""],"height":9,"ascent":8,"type":"bitmap"},{"file":"nlwar:emoji/shulker_shell.png","chars":[""],"height":9,"ascent":8,"type":"bitmap"},{"file":"nlwar:emoji/skull_banner_pattern.png","chars":[""],"height":9,"ascent":8,"type":"bitmap"},{"file":"nlwar:emoji/slime_ball.png","chars":[""],"height":9,"ascent":8,"type":"bitmap"},{"file":"nlwar:emoji/snowball.png","chars":[""],"height":9,"ascent":8,"type":"bitmap"},{"file":"nlwar:emoji/soul_campfire.png","chars":[""],"height":9,"ascent":8,"type":"bitmap"},{"file":"nlwar:emoji/soul_lantern.png","chars":[""],"height":9,"ascent":8,"type":"bitmap"},{"file":"nlwar:emoji/spawn_egg.png","chars":[""],"height":9,"ascent":8,"type":"bitmap"},{"file":"nlwar:emoji/spawn_egg_overlay.png","chars":[""],"height":9,"ascent":8,"type":"bitmap"},{"file":"nlwar:emoji/spectral_arrow.png","chars":[""],"height":9,"ascent":8,"type":"bitmap"},{"file":"nlwar:emoji/spider_eye.png","chars":[""],"height":9,"ascent":8,"type":"bitmap"},{"file":"nlwar:emoji/splash_potion.png","chars":[""],"height":9,"ascent":8,"type":"bitmap"},{"file":"nlwar:emoji/spruce_boat.png","chars":[""],"height":9,"ascent":8,"type":"bitmap"},{"file":"nlwar:emoji/spruce_door.png","chars":[""],"height":9,"ascent":8,"type":"bitmap"},{"file":"nlwar:emoji/spruce_sign.png","chars":[""],"height":9,"ascent":8,"type":"bitmap"},{"file":"nlwar:emoji/spyglass.png","chars":[""],"height":9,"ascent":8,"type":"bitmap"},{"file":"nlwar:emoji/steel_ingot.png","chars":[""],"height":9,"ascent":8,"type":"bitmap"},{"file":"nlwar:emoji/steel_nugget.png","chars":[""],"height":9,"ascent":8,"type":"bitmap"},{"file":"nlwar:emoji/stick.png","chars":[""],"height":9,"ascent":8,"type":"bitmap"},{"file":"nlwar:emoji/stone_axe.png","chars":[""],"height":9,"ascent":8,"type":"bitmap"},{"file":"nlwar:emoji/stone_hoe.png","chars":[""],"height":9,"ascent":8,"type":"bitmap"},{"file":"nlwar:emoji/stone_pickaxe.png","chars":[""],"height":9,"ascent":8,"type":"bitmap"},{"file":"nlwar:emoji/stone_shovel.png","chars":[""],"height":9,"ascent":8,"type":"bitmap"},{"file":"nlwar:emoji/stone_sword.png","chars":[""],"height":9,"ascent":8,"type":"bitmap"},{"file":"nlwar:emoji/string.png","chars":[""],"height":9,"ascent":8,"type":"bitmap"},{"file":"nlwar:emoji/sugar.png","chars":[""],"height":9,"ascent":8,"type":"bitmap"},{"file":"nlwar:emoji/sugar_cane.png","chars":[""],"height":9,"ascent":8,"type":"bitmap"},{"file":"nlwar:emoji/sulfur.png","chars":[""],"height":9,"ascent":8,"type":"bitmap"},{"file":"nlwar:emoji/suspicious_stew.png","chars":[""],"height":9,"ascent":8,"type":"bitmap"},{"file":"nlwar:emoji/sweet_berries.png","chars":[""],"height":9,"ascent":8,"type":"bitmap"},{"file":"nlwar:emoji/tadpole_bucket.png","chars":[""],"height":9,"ascent":8,"type":"bitmap"},{"file":"nlwar:emoji/tipped_arrow_base.png","chars":[""],"height":9,"ascent":8,"type":"bitmap"},{"file":"nlwar:emoji/tipped_arrow_head.png","chars":[""],"height":9,"ascent":8,"type":"bitmap"},{"file":"nlwar:emoji/tnt_minecart.png","chars":[""],"height":9,"ascent":8,"type":"bitmap"},{"file":"nlwar:emoji/torchflower_seeds.png","chars":[""],"height":9,"ascent":8,"type":"bitmap"},{"file":"nlwar:emoji/totem_of_undying.png","chars":[""],"height":9,"ascent":8,"type":"bitmap"},{"file":"nlwar:emoji/trident.png","chars":[""],"height":9,"ascent":8,"type":"bitmap"},{"file":"nlwar:emoji/tropical_fish.png","chars":[""],"height":9,"ascent":8,"type":"bitmap"},{"file":"nlwar:emoji/tropical_fish_bucket.png","chars":[""],"height":9,"ascent":8,"type":"bitmap"},{"file":"nlwar:emoji/turtle_egg.png","chars":[""],"height":9,"ascent":8,"type":"bitmap"},{"file":"nlwar:emoji/turtle_helmet.png","chars":[""],"height":9,"ascent":8,"type":"bitmap"},{"file":"nlwar:emoji/uranium_ingot.png","chars":[""],"height":9,"ascent":8,"type":"bitmap"},{"file":"nlwar:emoji/uranium_nugget.png","chars":[""],"height":9,"ascent":8,"type":"bitmap"},{"file":"nlwar:emoji/warped_door.png","chars":[""],"height":9,"ascent":8,"type":"bitmap"},{"file":"nlwar:emoji/warped_fungus_on_a_stick.png","chars":[""],"height":9,"ascent":8,"type":"bitmap"},{"file":"nlwar:emoji/warped_hanging_sign.png","chars":[""],"height":9,"ascent":8,"type":"bitmap"},{"file":"nlwar:emoji/warped_sign.png","chars":[""],"height":9,"ascent":8,"type":"bitmap"},{"file":"nlwar:emoji/water_bucket.png","chars":[""],"height":9,"ascent":8,"type":"bitmap"},{"file":"nlwar:emoji/wheat.png","chars":[""],"height":9,"ascent":8,"type":"bitmap"},{"file":"nlwar:emoji/wheat_seeds.png","chars":[""],"height":9,"ascent":8,"type":"bitmap"},{"file":"nlwar:emoji/white_candle.png","chars":[""],"height":9,"ascent":8,"type":"bitmap"},{"file":"nlwar:emoji/white_dye.png","chars":[""],"height":9,"ascent":8,"type":"bitmap"},{"file":"nlwar:emoji/wooden_axe.png","chars":[""],"height":9,"ascent":8,"type":"bitmap"},{"file":"nlwar:emoji/wooden_hoe.png","chars":[""],"height":9,"ascent":8,"type":"bitmap"},{"file":"nlwar:emoji/wooden_pickaxe.png","chars":[""],"height":9,"ascent":8,"type":"bitmap"},{"file":"nlwar:emoji/wooden_shovel.png","chars":[""],"height":9,"ascent":8,"type":"bitmap"},{"file":"nlwar:emoji/wooden_sword.png","chars":[""],"height":9,"ascent":8,"type":"bitmap"},{"file":"nlwar:emoji/writable_book.png","chars":[""],"height":9,"ascent":8,"type":"bitmap"},{"file":"nlwar:emoji/written_book.png","chars":[""],"height":9,"ascent":8,"type":"bitmap"},{"file":"nlwar:emoji/yellow_candle.png","chars":[""],"height":9,"ascent":8,"type":"bitmap"},{"file":"nlwar:emoji/yellow_dye.png","chars":[""],"height":9,"ascent":8,"type":"bitmap"},{"file":"nlwar:menus/exemples/45.png","chars":[""],"height":256,"ascent":13,"type":"bitmap"},{"file":"nlwar:menus/exemples/36.png","chars":[""],"height":256,"ascent":13,"type":"bitmap"},{"file":"nlwar:menus/exemples/27.png","chars":[""],"height":256,"ascent":13,"type":"bitmap"},{"file":"nlwar:menus/exemples/18.png","chars":[""],"height":256,"ascent":13,"type":"bitmap"},{"file":"nlwar:menus/exemples/9.png","chars":[""],"height":256,"ascent":13,"type":"bitmap"},{"file":"nlwar:menus/main_menu.png","chars":[""],"height":130,"ascent":18,"type":"bitmap"},{"file":"nlwar:menus/city_menu.png","chars":[""],"height":256,"ascent":13,"type":"bitmap"},{"file":"nlwar:menus/tp_menu.png","chars":[""],"height":256,"ascent":13,"type":"bitmap"},{"file":"nlwar:menus/crafting_table.png","chars":[""],"height":256,"ascent":13,"type":"bitmap"},{"file":"_iainternal:gui/no_recipe.png","chars":[""],"height":170,"ascent":47,"type":"bitmap"},{"file":"_iainternal:gui/crafting.png","chars":[""],"height":170,"ascent":47,"type":"bitmap"},{"file":"_iainternal:gui/cooking.png","chars":[""],"height":170,"ascent":47,"type":"bitmap"},{"file":"_iainternal:gui/blank_menu.png","chars":[""],"height":170,"ascent":47,"type":"bitmap"},{"file":"_iainternal:gui/anvil_repair.png","chars":[""],"height":170,"ascent":47,"type":"bitmap"},{"file":"_iainternal:gui/smithing.png","chars":[""],"height":170,"ascent":47,"type":"bitmap"},{"file":"vanillamcuis:font/gui/hopper/hopper_background.png","chars":[""],"height":53,"ascent":13,"type":"bitmap"},{"file":"vanillamcuis:font/gui/stonecutter/stonecutter_background.png","chars":[""],"height":89,"ascent":13,"type":"bitmap"},{"file":"vanillamcuis:font/gui/grindstone/grindstone_background.png","chars":[""],"height":89,"ascent":13,"type":"bitmap"},{"file":"vanillamcuis:font/gui/enchanting_table/enchanting_background.png","chars":[""],"height":89,"ascent":13,"type":"bitmap"},{"file":"hmccosmetics:icons/cosmetics_gui.png","chars":[""],"height":256,"ascent":14,"type":"bitmap"},{"file":"hmccosmetics:icons/dye_menu.png","chars":[""],"height":256,"ascent":14,"type":"bitmap"},{"file":"hmccosmetics:icons/colorful.png","chars":[""],"height":8,"ascent":8,"type":"bitmap"},{"file":"hmccosmetics:icons/title.png","chars":[""],"height":256,"ascent":128,"type":"bitmap"},{"file":"hmccosmetics:icons/shade.png","chars":[""],"height":16,"ascent":-5,"type":"bitmap"},{"file":"hmccosmetics:icons/shade.png","chars":[""],"height":16,"ascent":-23,"type":"bitmap"},{"file":"hmccosmetics:icons/shade.png","chars":[""],"height":16,"ascent":-41,"type":"bitmap"},{"file":"hmccosmetics:icons/shade.png","chars":[""],"height":16,"ascent":-59,"type":"bitmap"},{"file":"hmccosmetics:icons/shade.png","chars":[""],"height":16,"ascent":-77,"type":"bitmap"},{"file":"hmccosmetics:icons/shade.png","chars":[""],"height":16,"ascent":-95,"type":"bitmap"},{"file":"hmccosmetics:icons/clear_image.png","chars":[""],"height":16,"ascent":-5,"type":"bitmap"},{"file":"hmccosmetics:icons/clear_image.png","chars":[""],"height":16,"ascent":-23,"type":"bitmap"},{"file":"hmccosmetics:icons/clear_image.png","chars":[""],"height":16,"ascent":-41,"type":"bitmap"},{"file":"hmccosmetics:icons/clear_image.png","chars":[""],"height":16,"ascent":-59,"type":"bitmap"},{"file":"hmccosmetics:icons/clear_image.png","chars":[""],"height":16,"ascent":-77,"type":"bitmap"},{"file":"hmccosmetics:icons/clear_image.png","chars":[""],"height":16,"ascent":-95,"type":"bitmap"},{"file":"vanillamcuis:font/gui/creative/creative_background_1.png","chars":[""],"height":128,"ascent":13,"type":"bitmap"},{"file":"vanillamcuis:font/gui/creative/creative_background_2.png","chars":[""],"height":128,"ascent":13,"type":"bitmap"},{"file":"vanillamcuis:font/gui/creative/creative_background_3.png","chars":[""],"height":128,"ascent":13,"type":"bitmap"},{"file":"vanillamcuis:font/gui/creative/creative_background_4.png","chars":[""],"height":128,"ascent":13,"type":"bitmap"},{"file":"vanillamcuis:font/gui/creative/creative_background_5.png","chars":[""],"height":128,"ascent":13,"type":"bitmap"},{"file":"vanillamcuis:font/gui/creative/creative_background_6.png","chars":[""],"height":128,"ascent":13,"type":"bitmap"},{"file":"vanillamcuis:font/gui/smithing_table/smithing_background.png","chars":[""],"height":89,"ascent":13,"type":"bitmap"},{"file":"vanillamcuis:font/gui/smithing_table/smithing_background_experimental.png","chars":[""],"height":89,"ascent":13,"type":"bitmap"},{"file":"vanillamcuis:font/gui/furnace/furnace_background.png","chars":[""],"height":89,"ascent":13,"type":"bitmap"},{"file":"magic_crates:crate/gui_crates/magic_crate.png","chars":[""],"height":255,"ascent":45,"type":"bitmap"},{"file":"magic_crates:crate/gui_crates/magic_crate_ico.png","chars":[""],"height":9,"ascent":8,"type":"bitmap"},{"file":"magic_crates:crate/gui_crates/magic_crate_ico2.png","chars":[""],"height":9,"ascent":8,"type":"bitmap"},{"file":"magic_crates:crate/gui_crates/screen.png","chars":[""],"height":1500,"ascent":70,"type":"bitmap"},{"file":"vanillamcuis:font/gui/anvil/anvil_background.png","chars":[""],"height":89,"ascent":13,"type":"bitmap"},{"file":"vanillamcuis:font/gui/chest/blank_9.png","chars":[""],"height":35,"ascent":13,"type":"bitmap"},{"file":"vanillamcuis:font/gui/chest/blank_18.png","chars":[""],"height":53,"ascent":13,"type":"bitmap"},{"file":"vanillamcuis:font/gui/chest/blank_27.png","chars":[""],"height":71,"ascent":13,"type":"bitmap"},{"file":"vanillamcuis:font/gui/chest/blank_36.png","chars":[""],"height":89,"ascent":13,"type":"bitmap"},{"file":"vanillamcuis:font/gui/chest/blank_45.png","chars":[""],"height":107,"ascent":13,"type":"bitmap"},{"file":"vanillamcuis:font/gui/chest/blank_54.png","chars":[""],"height":125,"ascent":13,"type":"bitmap"},{"file":"vanillamcuis:font/gui/crafting_table/crafting_background.png","chars":[""],"height":89,"ascent":13,"type":"bitmap"},{"file":"vanillamcuis:font/gui/brewing_stand/brewing_stand_background.png","chars":[""],"height":89,"ascent":13,"type":"bitmap"},{"file":"vanillamcuis:font/gui/loom/loom_background.png","chars":[""],"height":89,"ascent":13,"type":"bitmap"},{"file":"vanillamcuis:font/gui/dispenser/dispenser_background.png","chars":[""],"height":89,"ascent":13,"type":"bitmap"},{"file":"_iainternal:hud/small_cooldown_bar/0.png","chars":[""],"height":22,"ascent":-42,"type":"bitmap"},{"file":"_iainternal:hud/small_cooldown_bar/1.png","chars":[""],"height":22,"ascent":-42,"type":"bitmap"},{"file":"_iainternal:hud/small_cooldown_bar/2.png","chars":[""],"height":22,"ascent":-42,"type":"bitmap"},{"file":"_iainternal:hud/small_cooldown_bar/3.png","chars":[""],"height":22,"ascent":-42,"type":"bitmap"},{"file":"_iainternal:hud/small_cooldown_bar/4.png","chars":[""],"height":22,"ascent":-42,"type":"bitmap"},{"file":"_iainternal:hud/small_cooldown_bar/5.png","chars":[""],"height":22,"ascent":-42,"type":"bitmap"},{"file":"_iainternal:hud/small_cooldown_bar/6.png","chars":[""],"height":22,"ascent":-42,"type":"bitmap"},{"file":"_iainternal:hud/small_cooldown_bar/7.png","chars":[""],"height":22,"ascent":-42,"type":"bitmap"},{"file":"_iainternal:hud/small_cooldown_bar/8.png","chars":[""],"height":22,"ascent":-42,"type":"bitmap"},{"file":"_iainternal:hud/small_cooldown_bar/9.png","chars":[""],"height":22,"ascent":-42,"type":"bitmap"},{"file":"_iainternal:hud/small_cooldown_bar/10.png","chars":[""],"height":22,"ascent":-42,"type":"bitmap"},{"file":"_iainternal:hud/small_cooldown_bar/11.png","chars":[""],"height":22,"ascent":-42,"type":"bitmap"},{"file":"_iainternal:hud/small_cooldown_bar/12.png","chars":[""],"height":22,"ascent":-42,"type":"bitmap"},{"file":"_iainternal:hud/small_cooldown_bar/13.png","chars":[""],"height":22,"ascent":-42,"type":"bitmap"},{"file":"_iainternal:hud/small_cooldown_bar/14.png","chars":[""],"height":22,"ascent":-42,"type":"bitmap"},{"file":"_iainternal:hud/small_cooldown_bar/15.png","chars":[""],"height":22,"ascent":-42,"type":"bitmap"},{"file":"_iainternal:hud/small_cooldown_bar/16.png","chars":[""],"height":22,"ascent":-42,"type":"bitmap"},{"file":"_iainternal:hud/small_cooldown_bar/17.png","chars":[""],"height":22,"ascent":-42,"type":"bitmap"},{"file":"_iainternal:hud/small_cooldown_bar/18.png","chars":[""],"height":22,"ascent":-42,"type":"bitmap"},{"file":"_iainternal:hud/small_cooldown_bar/19.png","chars":[""],"height":22,"ascent":-42,"type":"bitmap"},{"file":"_iainternal:hud/small_cooldown_bar/20.png","chars":[""],"height":22,"ascent":-42,"type":"bitmap"},{"file":"cosmetic:custom/menu/black.png","chars":[""],"height":5,"ascent":-5000,"type":"bitmap"},{"file":"cosmetic:custom/menu/menu.png","chars":[""],"height":255,"ascent":45,"type":"bitmap"},{"file":"cosmetic:custom/menu/menu2.png","chars":[""],"height":255,"ascent":59,"type":"bitmap"},{"file":"cosmetic:custom/menu/screen.png","chars":[""],"height":1500,"ascent":70,"type":"bitmap"},{"file":"cosmetic:custom/menu/slot_selected.png","chars":["쌃"],"height":23,"ascent":-4,"type":"bitmap"},{"file":"cosmetic:custom/menu/slot_selected.png","chars":[""],"height":20,"ascent":-94,"type":"bitmap"},{"file":"cosmetic:custom/menu/slot_locked.png","chars":["쌥"],"height":32,"ascent":-40,"type":"bitmap"},{"file":"cosmetic:custom/menu/slot_locked.png","chars":["쌦"],"height":32,"ascent":-58,"type":"bitmap"},{"file":"cosmetic:custom/menu/slot_locked.png","chars":["쌧"],"height":32,"ascent":-76,"type":"bitmap"},{"file":"cosmetic:custom/menu/slot_locked.png","chars":["쌨"],"height":32,"ascent":-94,"type":"bitmap"},{"file":"cosmetic:custom/menu/selected.png","chars":["쌉"],"height":32,"ascent":-3,"type":"bitmap"},{"file":"cosmetic:custom/menu/selected.png","chars":["쌊"],"height":32,"ascent":-21,"type":"bitmap"},{"file":"cosmetic:custom/menu/selected.png","chars":["쌋"],"height":32,"ascent":-39,"type":"bitmap"},{"file":"cosmetic:custom/menu/selected.png","chars":["쌌"],"height":32,"ascent":-57,"type":"bitmap"},{"file":"cosmetic:custom/menu/selected.png","chars":["쌍"],"height":32,"ascent":-75,"type":"bitmap"},{"file":"cosmetic:custom/menu/selected.png","chars":["쌎"],"height":32,"ascent":-93,"type":"bitmap"},{"type":"bitmap","file":"minecraft:font/escape/logo.png","ascent":32,"height":82,"chars":["ᚕᚖ"]},{"type":"bitmap","file":"minecraft:font/player.png","ascent":7,"height":8,"chars":["Ȅ"]},{"type":"bitmap","file":"minecraft:font/komtyr.png","ascent":7,"height":8,"chars":["Ȇ"]},{"type":"bitmap","file":"minecraft:font/kapityl.png","ascent":7,"height":8,"chars":["ȅ"]},{"type":"bitmap","file":"minecraft:font/land.png","ascent":7,"height":8,"chars":["Ȉ"]},{"type":"bitmap","file":"minecraft:font/ukapityl.png","ascent":7,"height":8,"chars":["Ȋ"]},{"type":"bitmap","file":"minecraft:font/mmod.png","ascent":7,"height":8,"chars":["ȋ"]},{"type":"bitmap","file":"minecraft:font/mod.png","ascent":7,"height":8,"chars":["Ȍ"]},{"type":"bitmap","file":"minecraft:font/smod.png","ascent":7,"height":8,"chars":["ȍ"]},{"type":"bitmap","file":"minecraft:font/madm.png","ascent":7,"height":8,"chars":["Ȏ"]},{"type":"bitmap","file":"minecraft:font/admin.png","ascent":7,"height":8,"chars":["ȏ"]},{"type":"bitmap","file":"minecraft:font/kurator.png","ascent":7,"height":8,"chars":["Ȑ"]},{"type":"bitmap","file":"minecraft:font/staff.png","ascent":7,"height":8,"chars":["ȑ"]},{"type":"bitmap","file":"minecraft:font/gercog.png","ascent":7,"height":8,"chars":["Ή"]},{"type":"bitmap","file":"minecraft:font/skapityl.png","ascent":7,"height":8,"chars":["ȉ"]},{"type":"bitmap","file":"minecraft:font/frame.png","ascent":0,"height":0,"chars":["税"]},{"type":"bitmap","file":"minecraft:font/effects_marks.png","ascent":-100,"height":0,"chars":["美羊大好國词"]},{"type":"bitmap","file":"minecraft:font/stain.png","ascent":0,"height":0,"chars":["典"]}]}