{"credit":"Made with Blockbench","textures":{"0":"nlwar:blocks/machines/coal_generator/front","1":"nlwar:blocks/machines/coal_generator/side","2":"nlwar:blocks/machines/machine_base","particle":"nlwar:blocks/machines/coal_generator/front"},"elements":[{"from":[0,0,0],"to":[16,16,15],"rotation":{"angle":0,"axis":"y","origin":[8,0,8]},"faces":{"north":{"uv":[0,0,16,16],"texture":"#1"},"east":{"uv":[0,0,16,16],"texture":"#1"},"south":{"uv":[0,0,16,16],"texture":"#0"},"west":{"uv":[0,0,16,16],"texture":"#1"},"up":{"uv":[0,0,16,16],"rotation":180,"texture":"#2"},"down":{"uv":[0,0,16,16],"rotation":180,"texture":"#2"}}},{"from":[3,1,15],"to":[13,9,16],"rotation":{"angle":0,"axis":"y","origin":[8,0,8]},"faces":{"north":{"uv":[0,0,10,8],"texture":"#missing"},"east":{"uv":[3,7,4,15],"texture":"#0"},"south":{"uv":[3,7,13,15],"texture":"#0"},"west":{"uv":[12,7,13,15],"texture":"#0"},"up":{"uv":[3,7,13,8],"rotation":180,"texture":"#0"},"down":{"uv":[3,14,13,15],"rotation":180,"texture":"#0"}}}],"display":{"thirdperson_righthand":{"scale":[0.25,0.25,0.25]},"thirdperson_lefthand":{"scale":[0.25,0.25,0.25]},"firstperson_righthand":{"scale":[0.25,0.25,0.25]},"firstperson_lefthand":{"scale":[0.25,0.25,0.25]},"ground":{"scale":[0.25,0.25,0.25]},"gui":{"rotation":[30,30,0],"translation":[0,-0.25,0],"scale":[0.65,0.65,0.65]},"head":{"translation":[0,-30.5,0],"scale":[1.6,1.6,1.6]},"fixed":{"rotation":[0,180,0]}}}