{"credit":"Made with Blockbench","texture_size":[64,64],"textures":{"0":"nlwar:blocks/machines/laser_crafter","particle":"nlwar:blocks/machines/laser_crafter"},"elements":[{"from":[1,1,2],"to":[14,7,14],"rotation":{"angle":0,"axis":"y","origin":[7,1,12]},"faces":{"north":{"uv":[3.25,0,6.5,1.5],"texture":"#0"},"east":{"uv":[3.25,4.5,6.25,6],"texture":"#0"},"south":{"uv":[3.25,0,6.5,1.5],"texture":"#0"},"west":{"uv":[3.25,4.5,6.25,6],"texture":"#0"},"up":{"uv":[3.25,3,0,0],"texture":"#0"},"down":{"uv":[3.25,3,0,6],"texture":"#0"}}},{"from":[4,7,5],"to":[11,8,11],"rotation":{"angle":0,"axis":"y","origin":[7,1,12]},"faces":{"north":{"uv":[9.75,6,11.5,6.25],"texture":"#0"},"east":{"uv":[10,2.75,11.5,3],"texture":"#0"},"south":{"uv":[9.75,9.25,11.5,9.5],"texture":"#0"},"west":{"uv":[10,3,11.5,3.25],"texture":"#0"},"up":{"uv":[1.75,7.5,0,6],"texture":"#0"},"down":{"uv":[3.5,6,1.75,7.5],"texture":"#0"}}},{"from":[0,0,12],"to":[3,3,15],"rotation":{"angle":0,"axis":"y","origin":[-4,0,13]},"faces":{"north":{"uv":[9.25,4.25,10,5],"texture":"#0"},"east":{"uv":[9.25,6.25,10,7],"texture":"#0"},"south":{"uv":[9.25,7,10,7.75],"texture":"#0"},"west":{"uv":[0,9.5,0.75,10.25],"texture":"#0"},"up":{"uv":[10.25,0.75,9.5,0],"texture":"#0"},"down":{"uv":[1.5,9.5,0.75,10.25],"texture":"#0"}}},{"from":[0,0,1],"to":[3,3,4],"rotation":{"angle":0,"axis":"y","origin":[1.5,1.5,13.5]},"faces":{"north":{"uv":[0,9.5,0.75,10.25],"texture":"#0"},"east":{"uv":[9.25,4.25,10,5],"texture":"#0"},"south":{"uv":[9.25,6.25,10,7],"texture":"#0"},"west":{"uv":[9.25,7,10,7.75],"texture":"#0"},"up":{"uv":[10.25,0.75,9.5,0],"rotation":90,"texture":"#0"},"down":{"uv":[1.5,9.5,0.75,10.25],"rotation":270,"texture":"#0"}}},{"from":[12,0,1],"to":[15,3,4],"rotation":{"angle":0,"axis":"y","origin":[1.5,1.5,2.5]},"faces":{"north":{"uv":[9.25,7,10,7.75],"texture":"#0"},"east":{"uv":[0,9.5,0.75,10.25],"texture":"#0"},"south":{"uv":[9.25,4.25,10,5],"texture":"#0"},"west":{"uv":[9.25,6.25,10,7],"texture":"#0"},"up":{"uv":[10.25,0.75,9.5,0],"rotation":180,"texture":"#0"},"down":{"uv":[1.5,9.5,0.75,10.25],"rotation":180,"texture":"#0"}}},{"from":[12,0,12],"to":[15,3,15],"rotation":{"angle":0,"axis":"y","origin":[13.5,1.5,2.5]},"faces":{"north":{"uv":[9.25,6.25,10,7],"texture":"#0"},"east":{"uv":[9.25,7,10,7.75],"texture":"#0"},"south":{"uv":[0,9.5,0.75,10.25],"texture":"#0"},"west":{"uv":[9.25,4.25,10,5],"texture":"#0"},"up":{"uv":[10.25,0.75,9.5,0],"rotation":270,"texture":"#0"},"down":{"uv":[1.5,9.5,0.75,10.25],"rotation":90,"texture":"#0"}}},{"from":[-1,4.4,6],"to":[3,8.4,10],"rotation":{"angle":45,"axis":"z","origin":[3,6.4,8]},"faces":{"north":{"uv":[7.5,2,8.5,3],"texture":"#0"},"east":{"uv":[7.5,7,8.5,8],"texture":"#0"},"south":{"uv":[3,8,4,9],"texture":"#0"},"west":{"uv":[4,8,5,9],"texture":"#0"},"up":{"uv":[6,9,5,8],"texture":"#0"},"down":{"uv":[9,5.5,8,6.5],"texture":"#0"}}},{"from":[11.58579,3.11079,6],"to":[15.58579,7.11079,10],"rotation":{"angle":-45,"axis":"z","origin":[13.58579,5.11079,8]},"faces":{"north":{"uv":[3,8,4,9],"texture":"#0"},"east":{"uv":[4,8,5,9],"texture":"#0"},"south":{"uv":[7.5,2,8.5,3],"texture":"#0"},"west":{"uv":[7.5,7,8.5,8],"texture":"#0"},"up":{"uv":[6,9,5,8],"rotation":180,"texture":"#0"},"down":{"uv":[9,5.5,8,6.5],"rotation":180,"texture":"#0"}}},{"from":[0,8.4,7],"to":[2,12.4,9],"rotation":{"angle":45,"axis":"z","origin":[3,6.4,8]},"faces":{"north":{"uv":[4.75,9.75,5.25,10.75],"texture":"#0"},"east":{"uv":[5.25,9.75,5.75,10.75],"texture":"#0"},"south":{"uv":[5.75,9.75,6.25,10.75],"texture":"#0"},"west":{"uv":[6.25,9.75,6.75,10.75],"texture":"#0"},"up":{"uv":[2.5,10.5,2,10],"texture":"#0"},"down":{"uv":[10.5,3.25,10,3.75],"texture":"#0"}}},{"from":[15.33236,5.81421,7],"to":[17.33236,9.91421,9],"rotation":{"angle":-45,"axis":"z","origin":[16.43236,7.81421,8]},"faces":{"north":{"uv":[5.75,9.75,6.25,10.75],"texture":"#0"},"east":{"uv":[6.25,9.75,6.75,10.75],"texture":"#0"},"south":{"uv":[4.75,9.75,5.25,10.75],"texture":"#0"},"west":{"uv":[5.25,9.75,5.75,10.75],"texture":"#0"},"up":{"uv":[2.5,10.5,2,10],"rotation":180,"texture":"#0"},"down":{"uv":[10.5,3.25,10,3.75],"rotation":180,"texture":"#0"}}},{"from":[-0.47868,13.0066,6],"to":[1.52132,17.0066,10],"rotation":{"angle":0,"axis":"y","origin":[0.52132,15.0066,8]},"faces":{"north":{"uv":[6.75,9.75,7.25,10.75],"texture":"#0"},"east":{"uv":[1,8.5,2,9.5],"texture":"#0"},"south":{"uv":[7.25,9.75,7.75,10.75],"texture":"#0"},"west":{"uv":[8.5,1,9.5,2],"texture":"#0"},"up":{"uv":[8.25,10.75,7.75,9.75],"texture":"#0"},"down":{"uv":[10.25,7.75,9.75,8.75],"texture":"#0"}}},{"from":[13.52132,13.0066,6],"to":[15.52132,17.0066,10],"rotation":{"angle":0,"axis":"y","origin":[14.52132,15.0066,8]},"faces":{"north":{"uv":[7.25,9.75,7.75,10.75],"texture":"#0"},"east":{"uv":[8.5,1,9.5,2],"texture":"#0"},"south":{"uv":[6.75,9.75,7.25,10.75],"texture":"#0"},"west":{"uv":[1,8.5,2,9.5],"texture":"#0"},"up":{"uv":[8.25,10.75,7.75,9.75],"rotation":180,"texture":"#0"},"down":{"uv":[10.25,7.75,9.75,8.75],"rotation":180,"texture":"#0"}}},{"from":[-3,2.4,6],"to":[1,6.4,10],"rotation":{"angle":45,"axis":"z","origin":[-10,4.4,8]},"faces":{"north":{"uv":[6,8,7,9],"texture":"#0"},"east":{"uv":[7,8,8,9],"texture":"#0"},"south":{"uv":[8,8,9,9],"texture":"#0"},"west":{"uv":[8.25,4.5,9.25,5.5],"texture":"#0"},"up":{"uv":[1,9.5,0,8.5],"texture":"#0"},"down":{"uv":[9.5,0,8.5,1],"texture":"#0"}}},{"from":[17.26396,8.81396,6],"to":[21.26396,12.81396,10],"rotation":{"angle":45,"axis":"z","origin":[19.26396,10.81396,8]},"faces":{"north":{"uv":[8,8,9,9],"rotation":270,"texture":"#0"},"east":{"uv":[1,9.5,0,8.5],"rotation":270,"texture":"#0"},"south":{"uv":[6,8,7,9],"rotation":90,"texture":"#0"},"west":{"uv":[9.5,0,8.5,1],"rotation":270,"texture":"#0"},"up":{"uv":[7,8,8,9],"rotation":90,"texture":"#0"},"down":{"uv":[8.25,4.5,9.25,5.5],"rotation":90,"texture":"#0"}}},{"from":[1,3.4,7],"to":[5,5.4,9],"rotation":{"angle":45,"axis":"z","origin":[-10,4.4,8]},"faces":{"north":{"uv":[9.75,5.5,10.75,6],"texture":"#0"},"east":{"uv":[10,3.75,10.5,4.25],"texture":"#0"},"south":{"uv":[9.75,8.75,10.75,9.25],"texture":"#0"},"west":{"uv":[10,4.25,10.5,4.75],"texture":"#0"},"up":{"uv":[11,2.25,10,1.75],"texture":"#0"},"down":{"uv":[11,2.25,10,2.75],"texture":"#0"}}},{"from":[15.49239,11.59239,7],"to":[17.49239,16.09239,9],"rotation":{"angle":45,"axis":"z","origin":[16.49239,13.59239,8]},"faces":{"north":{"uv":[9.75,8.75,10.75,9.25],"rotation":270,"texture":"#0"},"east":{"uv":[11,2.25,10,1.75],"rotation":270,"texture":"#0"},"south":{"uv":[9.75,5.5,10.75,6],"rotation":90,"texture":"#0"},"west":{"uv":[11,2.25,10,2.75],"rotation":270,"texture":"#0"},"up":{"uv":[10,3.75,10.5,4.25],"rotation":90,"texture":"#0"},"down":{"uv":[10,4.25,10.5,4.75],"rotation":90,"texture":"#0"}}},{"from":[3,3,13.1],"to":[12,6,17.1],"rotation":{"angle":22.5,"axis":"x","origin":[7.5,4.5,15.1]},"faces":{"north":{"uv":[6.25,3,8.5,3.75],"texture":"#0"},"east":{"uv":[2,8.5,3,9.25],"texture":"#0"},"south":{"uv":[6.25,3.75,8.5,4.5],"texture":"#0"},"west":{"uv":[8.5,2,9.5,2.75],"texture":"#0"},"up":{"uv":[5.75,7,3.5,6],"texture":"#0"},"down":{"uv":[8,6,5.75,7],"texture":"#0"}}}]}