{"credit":"Made with Blockbench","texture_size":[64,64],"textures":{"0":"nlwar:blocks/lead_anvil","particle":"nlwar:blocks/lead_anvil"},"elements":[{"from":[4,0,1],"to":[12,2,15],"rotation":{"angle":0,"axis":"y","origin":[4,0,2]},"faces":{"north":{"uv":[5.5,3.75,7.5,4.25],"texture":"#0"},"east":{"uv":[10.25,10.5,13.75,11],"texture":"#0"},"south":{"uv":[11.5,5.75,13.5,6.25],"texture":"#0"},"west":{"uv":[0,11.25,3.5,11.75],"texture":"#0"},"up":{"uv":[7.5,3.5,5.5,0],"texture":"#0"},"down":{"uv":[2,7.25,0,10.75],"texture":"#0"}}},{"from":[5,2,3],"to":[11,6,13],"rotation":{"angle":0,"axis":"y","origin":[4,0,2]},"faces":{"north":{"uv":[10.25,11.25,11.75,12.25],"texture":"#0"},"east":{"uv":[9.5,8,12,9],"texture":"#0"},"south":{"uv":[11.5,0,13,1],"texture":"#0"},"west":{"uv":[9.5,9.25,12,10.25],"texture":"#0"},"up":{"uv":[9.25,2.5,7.75,0],"texture":"#0"},"down":{"uv":[9.25,7.25,7.75,9.75],"texture":"#0"}}},{"from":[3,6,-1],"to":[13,15,17],"rotation":{"angle":0,"axis":"y","origin":[4,4,2]},"faces":{"north":{"uv":[2.25,7.25,4.75,9.5],"texture":"#0"},"east":{"uv":[0,4.75,4.5,7],"texture":"#0"},"south":{"uv":[5,7.25,7.5,9.5],"texture":"#0"},"west":{"uv":[0,4.75,4.5,7],"texture":"#0"},"up":{"uv":[2.5,4.5,0,0],"texture":"#0"},"down":{"uv":[5.25,0,2.75,4.5],"texture":"#0"}}},{"from":[5,9,-7],"to":[11,15,-1],"rotation":{"angle":0,"axis":"y","origin":[5,4,2]},"faces":{"north":{"uv":[7.75,2.75,9.25,4.25],"texture":"#0"},"east":{"uv":[4.5,9.75,6,11.25],"texture":"#0"},"south":{"uv":[9.5,0,11.25,1.5],"texture":"#0"},"west":{"uv":[6.25,10,7.75,11.5],"texture":"#0"},"up":{"uv":[11,6,9.5,4.5],"texture":"#0"},"down":{"uv":[11.25,6.25,9.5,7.75],"texture":"#0"}}},{"from":[4,11,17],"to":[12,15,22],"rotation":{"angle":0,"axis":"y","origin":[4,4,1]},"faces":{"north":{"uv":[9.75,3.25,11.75,4.25],"texture":"#0"},"east":{"uv":[3.75,11.5,5,12.5],"texture":"#0"},"south":{"uv":[8,10.5,10,11.5],"texture":"#0"},"west":{"uv":[11.5,4.5,12.75,5.5],"texture":"#0"},"up":{"uv":[11.75,3,9.75,1.75],"texture":"#0"},"down":{"uv":[4.25,9.75,2.25,11],"texture":"#0"}}}]}