{"credit":"Made with Blockbench","parent":"logo","textures":{"0":"nlwar:blocks/dec/logo","particle":"nlwar:blocks/dec/logo"},"elements":[{"from":[-16,-16,0],"to":[32,32,0],"faces":{"north":{"uv":[0,0,16,16],"texture":"#0"},"east":{"uv":[0,0,0,16],"texture":"#missing"},"south":{"uv":[0,0,16,16],"texture":"#0"},"west":{"uv":[0,0,0,16],"texture":"#missing"},"up":{"uv":[0,0,16,0],"texture":"#missing"},"down":{"uv":[0,0,16,0],"texture":"#missing"}}}],"display":{"thirdperson_righthand":{"translation":[0,0,1.75],"scale":[0.25,0.25,0.25]},"thirdperson_lefthand":{"translation":[0,0,1.75],"scale":[0.25,0.25,0.25]},"firstperson_righthand":{"scale":[0.25,0.25,0.25]},"firstperson_lefthand":{"scale":[0.25,0.25,0.25]},"ground":{"scale":[0.25,0.25,0.25]},"gui":{"scale":[0.4,0.4,0.4]},"fixed":{"translation":[0,0,-4],"scale":[4,4,0]}}}