{"texture_size":[32,32],"textures":{"1":"nlwar:blocks/machines/solar_panel_1"},"elements":[{"from":[0,0,0],"to":[16,8,16],"faces":{"north":{"uv":[8,0,16,4],"texture":"#1"},"east":{"uv":[8,4,16,8],"texture":"#1"},"south":{"uv":[8,8,16,12],"texture":"#1"},"west":{"uv":[8,12,16,16],"texture":"#1"},"up":{"uv":[8,8,0,0],"texture":"#1"},"down":{"uv":[8,8,0,16],"texture":"#1"}}}],"display":{"thirdperson_righthand":{"translation":[0,2.25,-0.75],"scale":[0.5,0.5,0.5]},"thirdperson_lefthand":{"translation":[0,2.25,-0.75],"scale":[0.5,0.5,0.5]},"firstperson_righthand":{"translation":[0,2.25,-0.75],"scale":[0.5,0.5,0.5]},"firstperson_lefthand":{"translation":[0,2.25,-0.75],"scale":[0.5,0.5,0.5]},"ground":{"translation":[0,2.25,-0.75],"scale":[0.5,0.5,0.5]},"gui":{"rotation":[30,30,30],"translation":[-1.25,1.75,-6],"scale":[0.7,0.7,0.7]},"head":{"translation":[0,10,-0.75]},"fixed":{"rotation":[-90,0,0],"translation":[0,0,-6]}}}