{"credit":"Made with Blockbench","texture_size":[64,64],"textures":{"0":"hmccosmetics:item/swordofjodahtexture","particle":"hmccosmetics:item/swordofjodahtexture"},"elements":[{"from":[8,-16,6],"to":[8,-9,10],"faces":{"north":{"uv":[0,0,0,1.75],"texture":"#0"},"east":{"uv":[2,4.25,3,6],"texture":"#0"},"south":{"uv":[0,0,0,1.75],"texture":"#0"},"west":{"uv":[3,4.25,4,6],"texture":"#0"},"up":{"uv":[0,1,0,0],"texture":"#0"},"down":{"uv":[0,0,0,1],"texture":"#0"}}},{"from":[7,-9,7],"to":[9,12,9],"faces":{"north":{"uv":[0,4.25,0.5,9.5],"texture":"#0"},"east":{"uv":[0.5,4.25,1,9.5],"texture":"#0"},"south":{"uv":[1,4.25,1.5,9.5],"texture":"#0"},"west":{"uv":[1.5,4.25,2,9.5],"texture":"#0"},"up":{"uv":[5,4.25,4.5,3.75],"texture":"#0"},"down":{"uv":[5.5,3.75,5,4.25],"texture":"#0"}}},{"from":[6.5,12,5],"to":[9.5,15,11],"faces":{"north":{"uv":[5.25,0.75,6,1.5],"texture":"#0"},"east":{"uv":[4,4.25,5.5,5],"texture":"#0"},"south":{"uv":[5.25,1.5,6,2.25],"texture":"#0"},"west":{"uv":[4.5,0,6,0.75],"texture":"#0"},"up":{"uv":[5.25,2.25,4.5,0.75],"texture":"#0"},"down":{"uv":[5.25,2.25,4.5,3.75],"texture":"#0"}}},{"from":[6.5,13,4],"to":[9.5,17,5],"faces":{"north":{"uv":[4,5,4.75,6],"texture":"#0"},"east":{"uv":[5.75,2.25,6,3.25],"texture":"#0"},"south":{"uv":[4.75,5,5.5,6],"texture":"#0"},"west":{"uv":[5.75,3.25,6,4.25],"texture":"#0"},"up":{"uv":[6.5,5.5,5.75,5.25],"texture":"#0"},"down":{"uv":[6.5,5.5,5.75,5.75],"texture":"#0"}}},{"from":[7.5,17,4],"to":[8.5,19,5],"faces":{"north":{"uv":[5.75,5.75,6,6.25],"texture":"#0"},"east":{"uv":[6,0,6.25,0.5],"texture":"#0"},"south":{"uv":[6,0.5,6.25,1],"texture":"#0"},"west":{"uv":[6,1,6.25,1.5],"texture":"#0"},"up":{"uv":[2.75,6.25,2.5,6],"texture":"#0"},"down":{"uv":[6.25,2.5,6,2.75],"texture":"#0"}}},{"from":[7,19,4],"to":[9,20,6],"faces":{"north":{"uv":[6,1.5,6.5,1.75],"texture":"#0"},"east":{"uv":[6,1.75,6.5,2],"texture":"#0"},"south":{"uv":[2,6,2.5,6.25],"texture":"#0"},"west":{"uv":[6,2,6.5,2.25],"texture":"#0"},"up":{"uv":[6.25,4.75,5.75,4.25],"texture":"#0"},"down":{"uv":[6.25,4.75,5.75,5.25],"texture":"#0"}}},{"from":[7.5,13,11],"to":[8.5,18,12],"faces":{"north":{"uv":[5.25,2.25,5.5,3.5],"texture":"#0"},"east":{"uv":[5.5,2.25,5.75,3.5],"texture":"#0"},"south":{"uv":[5.5,3.5,5.75,4.75],"texture":"#0"},"west":{"uv":[5.5,4.75,5.75,6],"texture":"#0"},"up":{"uv":[5.5,3.75,5.25,3.5],"texture":"#0"},"down":{"uv":[6.25,2.25,6,2.5],"texture":"#0"}}},{"from":[8,15,5],"to":[8,32,14],"faces":{"north":{"uv":[0,0,0,4.25],"texture":"#0"},"east":{"uv":[0,0,2.25,4.25],"texture":"#0"},"south":{"uv":[0,0,0,4.25],"texture":"#0"},"west":{"uv":[2.25,0,4.5,4.25],"texture":"#0"},"up":{"uv":[0,2.25,0,0],"texture":"#0"},"down":{"uv":[0,0,0,2.25],"texture":"#0"}}},{"from":[6.8,-9,6.8],"to":[9.2,-7,9.2],"faces":{"north":{"uv":[4.25,6,4.75,6.5],"texture":"#0"},"east":{"uv":[4.75,6,5.25,6.5],"texture":"#0"},"south":{"uv":[5.25,6,5.75,6.5],"texture":"#0"},"west":{"uv":[6,5.75,6.5,6.25],"texture":"#0"},"up":{"uv":[6.75,0.5,6.25,0],"texture":"#0"},"down":{"uv":[6.75,0.5,6.25,1],"texture":"#0"}}},{"from":[6.8,8,6.8],"to":[9.2,10,9.2],"faces":{"north":{"uv":[4.25,6,4.75,6.5],"texture":"#0"},"east":{"uv":[4.75,6,5.25,6.5],"texture":"#0"},"south":{"uv":[5.25,6,5.75,6.5],"texture":"#0"},"west":{"uv":[6,5.75,6.5,6.25],"texture":"#0"},"up":{"uv":[6.75,0.5,6.25,0],"texture":"#0"},"down":{"uv":[6.75,0.5,6.25,1],"texture":"#0"}}}],"display":{"thirdperson_righthand":{"rotation":[-4,0,0],"translation":[0,2.75,2]},"thirdperson_lefthand":{"rotation":[-4,0,0],"translation":[0,2.75,2]},"firstperson_righthand":{"rotation":[-20,0,0],"translation":[4.5,0,-9]},"firstperson_lefthand":{"rotation":[-20,0,0],"translation":[4.5,0,-9]},"ground":{"rotation":[-48,0,0],"translation":[0,5.25,0],"scale":[0.5,0.5,0.5]},"gui":{"rotation":[-90,45,90],"translation":[-0.5,-0.5,0],"scale":[0.4,0.4,0.4]},"head":{"rotation":[-43,0,0],"translation":[0,10.25,-11.5]},"fixed":{"rotation":[-90,-48,-90],"translation":[0.25,-0.75,0],"scale":[0.5,0.5,0.5]}}}