{"credit":"Made with Blockbench","texture_size":[64,64],"textures":{"0":"hmccosmetics:item/tesla","1":"hmccosmetics:item/tesla_anim","particle":"hmccosmetics:item/tesla"},"elements":[{"from":[3.9,5,8],"to":[12.2,10.4,11],"rotation":{"angle":-22.5,"axis":"x","origin":[8,5,8]},"faces":{"north":{"uv":[0,0,2.125,1.375],"texture":"#0"},"east":{"uv":[3.25,3.75,4,5.125],"texture":"#0"},"south":{"uv":[0,1.5,2.125,2.875],"texture":"#0"},"west":{"uv":[4,3.75,4.75,5.125],"texture":"#0"},"up":{"uv":[2.125,3.75,0,3],"texture":"#0"},"down":{"uv":[4.375,3,2.25,3.75],"texture":"#0"}}},{"from":[10.5,5.9,4.8],"to":[11.8,7.3,8],"rotation":{"angle":-22.5,"axis":"x","origin":[8,5,8]},"faces":{"north":{"uv":[7.25,8.5,7.625,8.875],"texture":"#0"},"east":{"uv":[3.75,2.5,4.5,2.875],"texture":"#0"},"south":{"uv":[8.5,7.75,8.875,8.125],"texture":"#0"},"west":{"uv":[8,4.75,8.75,5.125],"texture":"#0"},"up":{"uv":[8.375,8,8,7.25],"texture":"#0"},"down":{"uv":[8.375,8,8,8.75],"texture":"#0"}}},{"from":[4.325,5.9,4.8],"to":[5.625,7.3,8],"rotation":{"angle":-22.5,"axis":"x","origin":[8,5,8]},"faces":{"north":{"uv":[7.25,8.5,7.625,8.875],"texture":"#0"},"east":{"uv":[3.75,2.5,4.5,2.875],"texture":"#0"},"south":{"uv":[8.5,7.75,8.875,8.125],"texture":"#0"},"west":{"uv":[8,4.75,8.75,5.125],"texture":"#0"},"up":{"uv":[8.375,8,8,7.25],"texture":"#0"},"down":{"uv":[8.375,8,8,8.75],"texture":"#0"}}},{"from":[10.5,8.1,5.9],"to":[11.8,9.5,8],"rotation":{"angle":-22.5,"axis":"x","origin":[8,5,8]},"faces":{"north":{"uv":[8.5,8.25,8.875,8.625],"texture":"#0"},"east":{"uv":[3,8.25,3.5,8.625],"texture":"#0"},"south":{"uv":[0,8.75,0.375,9.125],"texture":"#0"},"west":{"uv":[3.5,8.25,4,8.625],"texture":"#0"},"up":{"uv":[4.375,8.75,4,8.25],"texture":"#0"},"down":{"uv":[4.875,8.25,4.5,8.75],"texture":"#0"}}},{"from":[4.325,8.1,5.9],"to":[5.625,9.5,8],"rotation":{"angle":-22.5,"axis":"x","origin":[8,5,8]},"faces":{"north":{"uv":[8.5,8.25,8.875,8.625],"texture":"#0"},"east":{"uv":[3,8.25,3.5,8.625],"texture":"#0"},"south":{"uv":[0,8.75,0.375,9.125],"texture":"#0"},"west":{"uv":[3.5,8.25,4,8.625],"texture":"#0"},"up":{"uv":[4.375,8.75,4,8.25],"texture":"#0"},"down":{"uv":[4.875,8.25,4.5,8.75],"texture":"#0"}}},{"from":[5.3,5,11],"to":[10.8,10.4,12.8],"rotation":{"angle":-22.5,"axis":"x","origin":[8,5,8]},"faces":{"north":{"uv":[2.25,0,3.625,1.375],"texture":"#0"},"east":{"uv":[4.25,6.5,4.75,7.875],"texture":"#0"},"south":{"uv":[2.25,1.5,3.625,2.875],"texture":"#0"},"west":{"uv":[4.75,6.5,5.25,7.875],"texture":"#0"},"up":{"uv":[7.875,5.25,6.5,4.75],"texture":"#0"},"down":{"uv":[6.625,6.5,5.25,7],"texture":"#0"}}},{"from":[6.2,5.9,12.8],"to":[9.9,9.5,14.6],"rotation":{"angle":-22.5,"axis":"x","origin":[8,5,8]},"faces":{"north":{"uv":[5.5,4,6.375,4.875],"texture":"#0"},"east":{"uv":[0.75,7.25,1.25,8.125],"texture":"#0"},"south":{"uv":[5.5,5,6.375,5.875],"texture":"#0"},"west":{"uv":[6.5,7.25,7,8.125],"texture":"#0"},"up":{"uv":[8.125,6.25,7.25,5.75],"texture":"#0"},"down":{"uv":[7.875,7.25,7,7.75],"texture":"#0"}}},{"from":[6.2,5.9,21.2],"to":[9.9,9.5,21.7],"rotation":{"angle":-22.5,"axis":"x","origin":[7.95,5,8]},"faces":{"north":{"uv":[2.25,5.75,3.125,6.625],"texture":"#0"},"east":{"uv":[1,8.75,1.125,9.625],"texture":"#0"},"south":{"uv":[3.25,5.75,4.125,6.625],"texture":"#0"},"west":{"uv":[4.75,8.75,4.875,9.625],"texture":"#0"},"up":{"uv":[9.875,1.125,9,1],"texture":"#0"},"down":{"uv":[2.125,9,1.25,9.125],"texture":"#0"}}},{"from":[6.7,6.4,21.7],"to":[9.4,9,22.2],"rotation":{"angle":-22.5,"axis":"x","origin":[7.95,5,8]},"faces":{"north":{"uv":[7.5,2.25,8.125,2.875],"texture":"#0"},"east":{"uv":[9,2.5,9.125,3.125],"texture":"#0"},"south":{"uv":[3.25,7.5,3.875,8.125],"texture":"#0"},"west":{"uv":[9,3.25,9.125,3.875],"texture":"#0"},"up":{"uv":[9.625,4.125,9,4],"texture":"#0"},"down":{"uv":[9.625,4.5,9,4.625],"texture":"#0"}}},{"from":[6.7,6.4,23.2],"to":[9.4,9,23.7],"rotation":{"angle":-22.5,"axis":"x","origin":[7.95,5,8]},"faces":{"north":{"uv":[7.5,2.25,8.125,2.875],"texture":"#0"},"east":{"uv":[9,2.5,9.125,3.125],"texture":"#0"},"south":{"uv":[3.25,7.5,3.875,8.125],"texture":"#0"},"west":{"uv":[9,3.25,9.125,3.875],"texture":"#0"},"up":{"uv":[9.625,4.125,9,4],"texture":"#0"},"down":{"uv":[9.625,4.5,9,4.625],"texture":"#0"}}},{"from":[7.3,7,23.7],"to":[8.8,8.4,24.2],"rotation":{"angle":-22.5,"axis":"x","origin":[7.95,5,8]},"faces":{"north":{"uv":[3.75,8.75,4.125,9.125],"texture":"#0"},"east":{"uv":[9.25,7.25,9.375,7.625],"texture":"#0"},"south":{"uv":[4.25,8.75,4.625,9.125],"texture":"#0"},"west":{"uv":[7.75,9.25,7.875,9.625],"texture":"#0"},"up":{"uv":[9.625,7.875,9.25,7.75],"texture":"#0"},"down":{"uv":[8.375,9.25,8,9.375],"texture":"#0"}}},{"from":[6.8,6.5,22.2],"to":[7.9,7.5,23.2],"rotation":{"angle":-22.5,"axis":"x","origin":[7.95,5,8]},"faces":{"north":{"uv":[0.5,8,0.75,8.25],"texture":"#0"},"east":{"uv":[6.25,8,6.5,8.25],"texture":"#0"},"south":{"uv":[8.25,1.25,8.5,1.5],"texture":"#0"},"west":{"uv":[8.25,2.75,8.5,3],"texture":"#0"},"up":{"uv":[8,8.75,7.75,8.5],"texture":"#0"},"down":{"uv":[0.5,9.25,0.25,9.5],"texture":"#0"}}},{"from":[6.8,7.9,22.2],"to":[7.9,8.9,23.2],"rotation":{"angle":-22.5,"axis":"x","origin":[7.95,5,8]},"faces":{"north":{"uv":[0.5,8,0.75,8.25],"texture":"#0"},"east":{"uv":[6.25,8,6.5,8.25],"texture":"#0"},"south":{"uv":[8.25,1.25,8.5,1.5],"texture":"#0"},"west":{"uv":[8.25,2.75,8.5,3],"texture":"#0"},"up":{"uv":[8,8.75,7.75,8.5],"texture":"#0"},"down":{"uv":[0.5,9.25,0.25,9.5],"texture":"#0"}}},{"from":[8.2,7.9,22.2],"to":[9.3,8.9,23.2],"rotation":{"angle":-22.5,"axis":"x","origin":[7.95,5,8]},"faces":{"north":{"uv":[0.5,8,0.75,8.25],"texture":"#0"},"east":{"uv":[6.25,8,6.5,8.25],"texture":"#0"},"south":{"uv":[8.25,1.25,8.5,1.5],"texture":"#0"},"west":{"uv":[8.25,2.75,8.5,3],"texture":"#0"},"up":{"uv":[8,8.75,7.75,8.5],"texture":"#0"},"down":{"uv":[0.5,9.25,0.25,9.5],"texture":"#0"}}},{"from":[8.2,6.5,22.2],"to":[9.3,7.5,23.2],"rotation":{"angle":-22.5,"axis":"x","origin":[7.95,5,8]},"faces":{"north":{"uv":[0.5,8,0.75,8.25],"texture":"#0"},"east":{"uv":[6.25,8,6.5,8.25],"texture":"#0"},"south":{"uv":[8.25,1.25,8.5,1.5],"texture":"#0"},"west":{"uv":[8.25,2.75,8.5,3],"texture":"#0"},"up":{"uv":[8,8.75,7.75,8.5],"texture":"#0"},"down":{"uv":[0.5,9.25,0.25,9.5],"texture":"#0"}}},{"from":[6.8,6.4,14.6],"to":[9.3,8.9,21.2],"rotation":{"angle":-22.5,"axis":"x","origin":[7.95,5,8]},"faces":{"north":{"uv":[7.5,0.75,8.125,1.375],"texture":"#0"},"east":{"uv":[3.75,1.75,5.375,2.375],"texture":"#0"},"south":{"uv":[1.25,7.5,1.875,8.125],"texture":"#0"},"west":{"uv":[1.5,4.5,3.125,5.125],"texture":"#0"},"up":{"uv":[0.625,6.375,0,4.75],"texture":"#0"},"down":{"uv":[1.375,4.75,0.75,6.375],"texture":"#0"}}},{"from":[5.9,5.5,14.6],"to":[10.2,9.8,21.2],"rotation":{"angle":-22.5,"axis":"x","origin":[8,5,8]},"faces":{"north":{"uv":[4.5,0,5.575,1.075],"texture":"#1"},"east":{"uv":[0,0,16,16],"texture":"#1"},"south":{"uv":[4.5,0,5.575,1.075],"texture":"#1"},"west":{"uv":[0,0,16,16],"texture":"#1"},"up":{"uv":[0,0,16,16],"texture":"#1"},"down":{"uv":[16,0,0,16],"texture":"#1"}}},{"from":[5.8,4.1,9.9],"to":[10.3,5,12.4],"rotation":{"angle":-22.5,"axis":"x","origin":[8,5,8]},"faces":{"north":{"uv":[2,8,3.125,8.25],"texture":"#0"},"east":{"uv":[8.5,5.25,9.125,5.5],"texture":"#0"},"south":{"uv":[4,8,5.125,8.25],"texture":"#0"},"west":{"uv":[8.5,5.5,9.125,5.75],"texture":"#0"},"up":{"uv":[7.625,3.875,6.5,3.25],"texture":"#0"},"down":{"uv":[7.625,4,6.5,4.625],"texture":"#0"}}},{"from":[4.3,4.1,8],"to":[11.8,5,9.9],"rotation":{"angle":-22.5,"axis":"x","origin":[8,5,8]},"faces":{"north":{"uv":[7.25,0.25,9.125,0.5],"texture":"#0"},"east":{"uv":[8.75,5,9.25,5.25],"texture":"#0"},"south":{"uv":[7.25,0.5,9.125,0.75],"texture":"#0"},"west":{"uv":[5.25,8.75,5.75,9],"texture":"#0"},"up":{"uv":[4.125,5.75,2.25,5.25],"texture":"#0"},"down":{"uv":[7.375,1,5.5,1.5],"texture":"#0"}}},{"from":[5.8,10.3,9.9],"to":[10.3,11.2,12.4],"rotation":{"angle":-22.5,"axis":"x","origin":[8,5,8]},"faces":{"north":{"uv":[2,8,3.125,8.25],"texture":"#0"},"east":{"uv":[8.5,5.25,9.125,5.5],"texture":"#0"},"south":{"uv":[4,8,5.125,8.25],"texture":"#0"},"west":{"uv":[8.5,5.5,9.125,5.75],"texture":"#0"},"up":{"uv":[7.625,3.875,6.5,3.25],"texture":"#0"},"down":{"uv":[7.625,4,6.5,4.625],"texture":"#0"}}},{"from":[4.3,10.4,8],"to":[11.8,11.3,9.9],"rotation":{"angle":-22.5,"axis":"x","origin":[8,5,8]},"faces":{"north":{"uv":[7.25,0.25,9.125,0.5],"texture":"#0"},"east":{"uv":[8.75,5,9.25,5.25],"texture":"#0"},"south":{"uv":[7.25,0.5,9.125,0.75],"texture":"#0"},"west":{"uv":[5.25,8.75,5.75,9],"texture":"#0"},"up":{"uv":[4.125,5.75,2.25,5.25],"texture":"#0"},"down":{"uv":[7.375,1,5.5,1.5],"texture":"#0"}}},{"from":[7,10.4,9.65],"to":[9,11.825,12.375],"faces":{"north":{"uv":[8.5,1.75,9,2.125],"texture":"#0"},"east":{"uv":[2.25,8.25,2.875,8.625],"texture":"#0"},"south":{"uv":[8.5,2.75,9,3.125],"texture":"#0"},"west":{"uv":[8.25,2.25,8.875,2.625],"texture":"#0"},"up":{"uv":[6.25,8.375,5.75,7.75],"texture":"#0"},"down":{"uv":[8.25,6.25,7.75,6.875],"texture":"#0"}}},{"from":[7.6,11.8,11.35],"to":[8.4,14.425,12.15],"faces":{"north":{"uv":[6.75,8.25,7,8.875],"texture":"#0"},"east":{"uv":[6,8.5,6.25,9.125],"texture":"#0"},"south":{"uv":[7,8.5,7.25,9.125],"texture":"#0"},"west":{"uv":[8.5,7,8.75,7.625],"texture":"#0"},"up":{"uv":[2.75,9.5,2.5,9.25],"texture":"#0"},"down":{"uv":[9.5,2.5,9.25,2.75],"texture":"#0"}}},{"from":[7.7,14.4,11.45],"to":[8.3,17.025,11.975],"rotation":{"angle":22.5,"axis":"x","origin":[8,14.4,11.35]},"faces":{"north":{"uv":[5,9,5.125,9.625],"texture":"#0"},"east":{"uv":[5.25,9,5.375,9.625],"texture":"#0"},"south":{"uv":[5.5,9,5.625,9.625],"texture":"#0"},"west":{"uv":[6.25,9,6.375,9.625],"texture":"#0"},"up":{"uv":[9.375,8.125,9.25,8],"texture":"#0"},"down":{"uv":[9.375,8.25,9.25,8.375],"texture":"#0"}}},{"from":[7.8,16.80001,12.54456],"to":[8.2,19.42501,12.86956],"rotation":{"angle":45,"axis":"x","origin":[8,16.8,12.35]},"faces":{"north":{"uv":[6.5,9,6.625,9.625],"texture":"#0"},"east":{"uv":[6.75,9,6.875,9.625],"texture":"#0"},"south":{"uv":[7.25,9,7.375,9.625],"texture":"#0"},"west":{"uv":[7.5,9,7.625,9.625],"texture":"#0"},"up":{"uv":[8.875,9.375,8.75,9.25],"texture":"#0"},"down":{"uv":[9.375,8.75,9.25,8.875],"texture":"#0"}}},{"from":[7,12.6,11.5],"to":[9,13.6,12.525],"rotation":{"angle":45,"axis":"x","origin":[8,14.4,9.65]},"faces":{"north":{"uv":[8.75,6.5,9.25,6.75],"texture":"#0"},"east":{"uv":[2,9.25,2.25,9.5],"texture":"#0"},"south":{"uv":[8.75,7,9.25,7.25],"texture":"#0"},"west":{"uv":[2.25,9.25,2.5,9.5],"texture":"#0"},"up":{"uv":[9.25,7.5,8.75,7.25],"texture":"#0"},"down":{"uv":[9.25,7.5,8.75,7.75],"texture":"#0"}}},{"from":[7,10.825,5.6],"to":[9,12.525,10.375],"faces":{"north":{"uv":[8.5,3.25,9,3.625],"texture":"#0"},"east":{"uv":[5.25,7.25,6.5,7.625],"texture":"#0"},"south":{"uv":[8.5,3.75,9,4.125],"texture":"#0"},"west":{"uv":[7.25,5.25,8.5,5.625],"texture":"#0"},"up":{"uv":[2.75,8,2.25,6.75],"texture":"#0"},"down":{"uv":[3.25,6.75,2.75,8],"texture":"#0"}}},{"from":[7,5.85,9.7],"to":[9,8.375,12.45],"faces":{"north":{"uv":[7,7.75,7.5,8.375],"texture":"#0"},"east":{"uv":[0,7.25,0.75,7.875],"texture":"#0"},"south":{"uv":[7.5,7.75,8,8.375],"texture":"#0"},"west":{"uv":[7.25,1.5,8,2.125],"texture":"#0"},"up":{"uv":[4.75,6,4.25,5.25],"texture":"#0"},"down":{"uv":[5.75,7.75,5.25,8.5],"texture":"#0"}}},{"from":[7.55,6.55,12.45],"to":[8.35,7.35,15.2],"rotation":{"angle":22.5,"axis":"x","origin":[8.05,7.35,12.425]},"faces":{"north":{"uv":[2.75,9.25,3,9.5],"texture":"#0"},"east":{"uv":[4.75,5.75,5.5,6],"texture":"#0"},"south":{"uv":[9.25,2.75,9.5,3],"texture":"#0"},"west":{"uv":[8.25,6.75,9,7],"texture":"#0"},"up":{"uv":[4.25,7.5,4,6.75],"texture":"#0"},"down":{"uv":[5.25,8.25,5,9],"texture":"#0"}}},{"from":[7.65,5.63091,14.67668],"to":[8.25,6.23091,17.42668],"rotation":{"angle":0,"axis":"y","origin":[8.05,5.525,14.725]},"faces":{"north":{"uv":[9,9.25,9.125,9.375],"texture":"#0"},"east":{"uv":[9,6.75,9.625,6.875],"texture":"#0"},"south":{"uv":[9.25,9.25,9.375,9.375],"texture":"#0"},"west":{"uv":[7.75,9,8.375,9.125],"texture":"#0"},"up":{"uv":[9.125,8.375,9,7.75],"texture":"#0"},"down":{"uv":[8.625,9,8.5,9.625],"texture":"#0"}}},{"from":[7.85,5.73091,17.42668],"to":[8.05,6.13091,20.17668],"rotation":{"angle":-22.5,"axis":"x","origin":[8.05,5.525,17.45]},"faces":{"north":{"uv":[9.5,0,9.625,0.125],"texture":"#0"},"east":{"uv":[9,8.5,9.625,8.625],"texture":"#0"},"south":{"uv":[0.25,9.5,0.375,9.625],"texture":"#0"},"west":{"uv":[8.75,9,9.375,9.125],"texture":"#0"},"up":{"uv":[0.125,9.875,0,9.25],"texture":"#0"},"down":{"uv":[9.375,0,9.25,0.625],"texture":"#0"}}},{"from":[3,8.7,11.625],"to":[5,9.5,12.425],"faces":{"north":{"uv":[8.75,5.75,9.25,6],"texture":"#0"},"east":{"uv":[1.75,9.25,2,9.5],"texture":"#0"},"south":{"uv":[8.75,6,9.25,6.25],"texture":"#0"},"west":{"uv":[9.25,1.75,9.5,2],"texture":"#0"},"up":{"uv":[6.75,9,6.25,8.75],"texture":"#0"},"down":{"uv":[9.25,6.25,8.75,6.5],"texture":"#0"}}},{"from":[1.675,8.875,13.125],"to":[2.075,9.275,14.925],"faces":{"north":{"uv":[9.5,1.25,9.625,1.375],"texture":"#0"},"east":{"uv":[9.25,5.75,9.75,5.875],"texture":"#0"},"south":{"uv":[1.5,9.5,1.625,9.625],"texture":"#0"},"west":{"uv":[9.25,6,9.75,6.125],"texture":"#0"},"up":{"uv":[6.125,9.75,6,9.25],"texture":"#0"},"down":{"uv":[9.375,6.25,9.25,6.75],"texture":"#0"}}},{"from":[1,8.8,11.775],"to":[3,9.4,12.375],"rotation":{"angle":45,"axis":"y","origin":[2.95,9.55,11.65]},"faces":{"north":{"uv":[9.25,3.5,9.75,3.625],"texture":"#0"},"east":{"uv":[9.5,0.5,9.625,0.625],"texture":"#0"},"south":{"uv":[9.25,3.75,9.75,3.875],"texture":"#0"},"west":{"uv":[0.75,9.5,0.875,9.625],"texture":"#0"},"up":{"uv":[4.5,9.375,4,9.25],"texture":"#0"},"down":{"uv":[9.75,4.25,9.25,4.375],"texture":"#0"}}},{"from":[5,8.075,9],"to":[11,10,13.05],"faces":{"north":{"uv":[4.25,6,5.75,6.5],"texture":"#0"},"east":{"uv":[6.75,6.5,7.75,7],"texture":"#0"},"south":{"uv":[5.75,6,7.25,6.5],"texture":"#0"},"west":{"uv":[1.25,7,2.25,7.5],"texture":"#0"},"up":{"uv":[1.5,4.75,0,3.75],"texture":"#0"},"down":{"uv":[5.25,0,3.75,1],"texture":"#0"}}},{"from":[13,8.8,11.775],"to":[15,9.4,12.375],"rotation":{"angle":-45,"axis":"y","origin":[13.05,9.55,11.65]},"faces":{"north":{"uv":[3,9.25,3.5,9.375],"texture":"#0"},"east":{"uv":[9.5,0.25,9.625,0.375],"texture":"#0"},"south":{"uv":[9.25,3,9.75,3.125],"texture":"#0"},"west":{"uv":[0.5,9.5,0.625,9.625],"texture":"#0"},"up":{"uv":[9.75,3.375,9.25,3.25],"texture":"#0"},"down":{"uv":[4,9.25,3.5,9.375],"texture":"#0"}}},{"from":[4.6,7.875,9],"to":[11.4,10.2,11.05],"faces":{"north":{"uv":[3.75,1,5.5,1.625],"texture":"#0"},"east":{"uv":[0,8,0.5,8.625],"texture":"#0"},"south":{"uv":[1.5,3.75,3.25,4.375],"texture":"#0"},"west":{"uv":[8,1.5,8.5,2.125],"texture":"#0"},"up":{"uv":[7.25,2,5.5,1.5],"texture":"#0"},"down":{"uv":[7.25,2,5.5,2.5],"texture":"#0"}}},{"from":[13.925,8.875,13.125],"to":[14.325,9.275,14.925],"rotation":{"angle":0,"axis":"y","origin":[16,0,0]},"faces":{"north":{"uv":[9.5,0.75,9.625,0.875],"texture":"#0"},"east":{"uv":[9.25,4.75,9.75,4.875],"texture":"#0"},"south":{"uv":[1.25,9.5,1.375,9.625],"texture":"#0"},"west":{"uv":[9.25,5,9.75,5.125],"texture":"#0"},"up":{"uv":[4.625,9.75,4.5,9.25],"texture":"#0"},"down":{"uv":[9.375,5.25,9.25,5.75],"texture":"#0"}}},{"from":[11,8.7,11.625],"to":[13,9.5,12.425],"rotation":{"angle":0,"axis":"y","origin":[16,0,0]},"faces":{"north":{"uv":[7.75,8.75,8.25,9],"texture":"#0"},"east":{"uv":[7,9.25,7.25,9.5],"texture":"#0"},"south":{"uv":[8.25,8.75,8.75,9],"texture":"#0"},"west":{"uv":[9.25,7,9.5,7.25],"texture":"#0"},"up":{"uv":[9.25,9,8.75,8.75],"texture":"#0"},"down":{"uv":[9.5,0.75,9,1],"texture":"#0"}}}],"display":{"thirdperson_righthand":{"rotation":[62,0,0],"translation":[-6,-6.75,9.5]},"thirdperson_lefthand":{"rotation":[62,0,0],"translation":[-6,-6.75,9.5]},"ground":{"translation":[0,0.25,-5.75]},"gui":{"rotation":[0,59,0],"translation":[-3.25,-1,0],"scale":[0.8,0.8,0.8]},"head":{"translation":[-0.25,-62,3],"scale":[1.76,1.7,1.7]},"fixed":{"rotation":[-161,0,180],"translation":[0,-2.75,0]}}}