{"credit":"Made with Blockbench","texture_size":[18,18],"textures":{"0":"vanillamcuis:item/enchanting_table/slot_hover_left_2","particle":"vanillamcuis:item/enchanting_table/slot_hover_left_2"},"elements":[{"from":[-1,-1,0],"to":[17,17,0],"faces":{"north":{"uv":[0,0,16,16],"texture":"#0"},"east":{"uv":[0,0,0,16],"texture":"#0"},"south":{"uv":[0,0,16,16],"texture":"#0"},"west":{"uv":[0,0,0,16],"texture":"#0"},"up":{"uv":[0,0,16,0],"texture":"#0"},"down":{"uv":[0,0,16,0],"texture":"#0"}}}],"gui_light":"front","display":{}}