{"credit":"Made with Blockbench","texture_size":[36,18],"textures":{"1":"vanillamcuis:item/enchanting_table/text/text_light_hover","particle":"vanillamcuis:item/enchanting_table/text/text_light_hover"},"elements":[{"from":[-10,0,8],"to":[26,18,8],"faces":{"north":{"uv":[0,0,16,16],"texture":"#1"}}}],"gui_light":"front","display":{"thirdperson_righthand":{"translation":[0,2.25,1],"scale":[0.3,0.3,0.3]},"thirdperson_lefthand":{"translation":[0,2.25,1],"scale":[0.3,0.3,0.3]},"firstperson_righthand":{"rotation":[0,-180,0],"translation":[1.13,3.2,1.13],"scale":[0.3,0.3,0.3]},"firstperson_lefthand":{"rotation":[0,-180,0],"translation":[1.13,3.2,1.13],"scale":[0.3,0.3,0.3]},"ground":{"translation":[0,2,0],"scale":[0.5,0.5,0.5]},"gui":{"rotation":[0,180,0],"translation":[-9,-1,0]},"fixed":{"scale":[0.5,0.5,0.5]}}}