{"credit":"Made with Blockbench","textures":{"0":"customcrops:item/crops/cabbage/stage_4","particle":"customcrops:item/crops/cabbage/stage_4"},"elements":[{"from":[7,0,0],"to":[7,16,16],"rotation":{"angle":0,"axis":"x","origin":[7,0,7]},"faces":{"north":{"uv":[16,16,0,0],"rotation":180,"texture":"#0"},"east":{"uv":[16,16,0,0],"rotation":180,"texture":"#0"},"south":{"uv":[16,16,0,0],"rotation":180,"texture":"#0"},"west":{"uv":[16,16,0,0],"rotation":180,"texture":"#0"},"up":{"uv":[0,16,16,0],"texture":"#0"},"down":{"uv":[0,0,16,16],"texture":"#0"}}},{"from":[0,0,7],"to":[16,16,7],"rotation":{"angle":0,"axis":"y","origin":[7,0,7]},"faces":{"north":{"uv":[16,16,0,0],"rotation":180,"texture":"#0"},"east":{"uv":[16,16,0,0],"rotation":180,"texture":"#0"},"south":{"uv":[16,16,0,0],"rotation":180,"texture":"#0"},"west":{"uv":[16,16,0,0],"rotation":180,"texture":"#0"},"up":{"uv":[0,16,16,0],"rotation":270,"texture":"#0"},"down":{"uv":[0,0,16,16],"rotation":90,"texture":"#0"}}}],"display":{"thirdperson_righthand":{"translation":[0,8.5,0]},"fixed":{"rotation":[-90,0,0],"translation":[0,0,-16],"scale":[2,2,2]}}}