{"credit":"Made with Blockbench","texture_size":[34,16],"textures":{"0":"vanillamcuis:item/misc/blocked","particle":"vanillamcuis:item/misc/blocked"},"elements":[{"from":[-9,0,0],"to":[25,16,0],"faces":{"north":{"uv":[0,0,16,16],"texture":"#0"},"east":{"uv":[0,0,0,16],"texture":"#0"},"south":{"uv":[0,0,16,16],"texture":"#0"},"west":{"uv":[0,0,0,16],"texture":"#0"},"up":{"uv":[0,0,16,0],"texture":"#0"},"down":{"uv":[0,0,16,0],"texture":"#0"}}}],"gui_light":"front","display":{"gui":{"translation":[9,0,0]}}}