{"parent":"minecraft:item/generated","textures":{"layer0":"minecraft:item/carrot_on_a_stick"},"overrides":[{"predicate":{"custom_model_data":13370030},"model":"littleroom_vehicle_pack:black_car_paint"},{"predicate":{"custom_model_data":13370031},"model":"littleroom_vehicle_pack:blue_car_paint"},{"predicate":{"custom_model_data":13370032},"model":"littleroom_vehicle_pack:green_car_paint"},{"predicate":{"custom_model_data":13370033},"model":"littleroom_vehicle_pack:pink_car_paint"},{"predicate":{"custom_model_data":13370034},"model":"littleroom_vehicle_pack:red_car_paint"},{"predicate":{"custom_model_data":13370035},"model":"littleroom_vehicle_pack:white_car_paint"},{"predicate":{"custom_model_data":13370036},"model":"littleroom_vehicle_pack:vehicle_wrench"},{"predicate":{"custom_model_data":13370037},"model":"littleroom_vehicle_pack:vehicle_jerrycan"}]}