{"parent":"minecraft:item/generated","textures":{"layer0":"item/chainmail_leggings"},"overrides":[{"predicate":{"custom_model_data":10},"model":"mythic:armor_item/mk1_leggings"},{"predicate":{"custom_model_data":11},"model":"mythic:armor_item/mk2_leggings"},{"predicate":{"custom_model_data":12},"model":"mythic:armor_item/mk3_leggings"},{"predicate":{"custom_model_data":13},"model":"mythic:armor_item/mk4_leggings"},{"predicate":{"custom_model_data":14},"model":"mythic:armor_item/mk5_leggings"},{"predicate":{"custom_model_data":15},"model":"mythic:armor_item/mk6_leggings"},{"predicate":{"custom_model_data":20},"model":"mythic:armor/kf_item/kf1/kf1_leggings"},{"predicate":{"custom_model_data":21},"model":"mythic:armor/kf_item/kf2/kf2_leggings"},{"predicate":{"custom_model_data":22},"model":"mythic:armor/kf_item/kf3/kf3_leggings"},{"predicate":{"custom_model_data":23},"model":"mythic:armor/kf_item/kf4/kf4_leggings"},{"predicate":{"custom_model_data":24},"model":"mythic:armor/kf_item/kf5/kf5_leggings"}]}