{"parent":"item/generated","textures":{"layer0":"item/crossbow_standby"},"display":{"thirdperson_righthand":{"rotation":[-90,0,-60],"translation":[2,0.1,-3],"scale":[0.9,0.9,0.9]},"thirdperson_lefthand":{"rotation":[-90,0,30],"translation":[2,0.1,-3],"scale":[0.9,0.9,0.9]},"firstperson_righthand":{"rotation":[-90,0,-55],"translation":[1.13,3.2,1.13],"scale":[0.68,0.68,0.68]},"firstperson_lefthand":{"rotation":[-90,0,35],"translation":[1.13,3.2,1.13],"scale":[0.68,0.68,0.68]}},"overrides":[{"predicate":{"pulling":1},"model":"item/crossbow_pulling_0"},{"predicate":{"pulling":1,"pull":0.58},"model":"item/crossbow_pulling_1"},{"predicate":{"pulling":1,"pull":1.0},"model":"item/crossbow_pulling_2"},{"predicate":{"charged":1},"model":"item/crossbow_arrow"},{"predicate":{"charged":1,"firework":1},"model":"item/crossbow_firework"},{"predicate":{"custom_model_data":50000},"model":"nlweapons:item/gvm/asval_tp-2bef2095"},{"predicate":{"custom_model_data":50001},"model":"nlweapons:item/gvm/m4a1_tp-d2673f1b"},{"predicate":{"custom_model_data":50002},"model":"nlweapons:item/gvm/testtest_tp-d2673f1b"},{"predicate":{"custom_model_data":50003},"model":"nlweapons:item/gvm/spas12_mesh_tp-7a0fd4ca"},{"predicate":{"custom_model_data":50004},"model":"nlweapons:item/gvm/awp_mesh_tp-d2673f1b"},{"predicate":{"custom_model_data":50005},"model":"nlweapons:item/gvm/testtest_tp-49cd7866"},{"predicate":{"custom_model_data":50006},"model":"nlweapons:item/gvm/m4a1_tp-49cd7866"},{"predicate":{"custom_model_data":50007},"model":"nlweapons:item/gvm/asval_tp-33d807e6"},{"predicate":{"custom_model_data":50008},"model":"nlweapons:item/gvm/m4a1_tp-4631a01d"},{"predicate":{"custom_model_data":50009},"model":"nlweapons:item/gvm/mp5_tp-37039856"},{"predicate":{"custom_model_data":50010},"model":"nlweapons:item/gvm/testtest_tp-4631a01d"},{"predicate":{"custom_model_data":50011},"model":"nlweapons:item/gvm/asval_tp"},{"predicate":{"custom_model_data":50012},"model":"nlweapons:item/gvm/mp5_tp-d2673f1b"},{"predicate":{"custom_model_data":50013},"model":"nlweapons:item/gvm/deagle_mesh_tp"},{"predicate":{"custom_model_data":50014},"model":"nlweapons:item/gvm/mp5_tp-63fa512b"},{"predicate":{"custom_model_data":50015},"model":"nlweapons:item/gvm/spas12_mesh_tp"},{"predicate":{"custom_model_data":50016},"model":"nlweapons:item/gvm/mp5_tp-6ebd5257"},{"predicate":{"custom_model_data":50017},"model":"nlweapons:item/gvm/mp5_tp-4631a01d"},{"predicate":{"custom_model_data":50018},"model":"nlweapons:item/gvm/asval_tp-63fa512b"},{"predicate":{"custom_model_data":50019},"model":"nlweapons:item/gvm/ppsh_tp"},{"predicate":{"custom_model_data":50020},"model":"nlweapons:item/gvm/asval_tp-6f76ec2c"},{"predicate":{"custom_model_data":50021},"model":"nlweapons:item/gvm/asval_tp-6ebd5257"},{"predicate":{"custom_model_data":50022},"model":"nlweapons:item/gvm/asval_tp-3b65a2ec"},{"predicate":{"custom_model_data":50023},"model":"nlweapons:item/gvm/akr_tp"},{"predicate":{"custom_model_data":50024},"model":"nlweapons:item/gvm/awp_mesh_tp-49cd7866"},{"predicate":{"custom_model_data":50025},"model":"nlweapons:item/gvm/m4a1_tp"},{"predicate":{"custom_model_data":50026},"model":"nlweapons:item/gvm/asval_tp-37039856"},{"predicate":{"custom_model_data":50027},"model":"nlweapons:item/gvm/asval_tp-d2673f1b"},{"predicate":{"custom_model_data":50028},"model":"nlweapons:item/gvm/spas12_mesh_tp-4512248"},{"predicate":{"custom_model_data":50029},"model":"nlweapons:item/gvm/m4a1_tp-2bef2095"},{"predicate":{"custom_model_data":50030},"model":"nlweapons:item/gvm/m4a1_tp-33d807e6"},{"predicate":{"custom_model_data":50031},"model":"nlweapons:item/gvm/awp_mesh_tp-33d807e6"},{"predicate":{"custom_model_data":50032},"model":"nlweapons:item/gvm/awp_mesh_tp-2bef2095"},{"predicate":{"custom_model_data":50033},"model":"nlweapons:item/gvm/testtest_tp-2bef2095"},{"predicate":{"custom_model_data":50034},"model":"nlweapons:item/gvm/testtest_tp"},{"predicate":{"custom_model_data":50035},"model":"nlweapons:item/gvm/testtest_tp-33d807e6"},{"predicate":{"custom_model_data":50036},"model":"nlweapons:item/gvm/mp5_tp"},{"predicate":{"custom_model_data":50037},"model":"nlweapons:item/gvm/mp5_tp-2bef2095"},{"predicate":{"custom_model_data":50038},"model":"nlweapons:item/gvm/testtest_tp-3b65a2ec"},{"predicate":{"custom_model_data":50039},"model":"nlweapons:item/gvm/m79_mesh_tp"},{"predicate":{"custom_model_data":50040},"model":"nlweapons:item/gvm/m4a1_tp-6f76ec2c"},{"predicate":{"custom_model_data":50041},"model":"nlweapons:item/gvm/mp5_tp-3b65a2ec"},{"predicate":{"custom_model_data":50042},"model":"nlweapons:item/gvm/asval_tp-4631a01d"},{"predicate":{"custom_model_data":50043},"model":"nlweapons:item/gvm/testtest_tp-63fa512b"},{"predicate":{"custom_model_data":50044},"model":"nlweapons:item/gvm/awp_mesh_tp-3b65a2ec"},{"predicate":{"custom_model_data":50045},"model":"nlweapons:item/gvm/mp5_tp-33d807e6"},{"predicate":{"custom_model_data":50046},"model":"nlweapons:item/gvm/mp5_tp-6f76ec2c"},{"predicate":{"custom_model_data":50047},"model":"nlweapons:item/gvm/m79_me2sh_tp"},{"predicate":{"custom_model_data":50048},"model":"nlweapons:item/gvm/awp_mesh_tp-6ebd5257"},{"predicate":{"custom_model_data":50049},"model":"nlweapons:item/gvm/awp_mesh_tp-6f76ec2c"},{"predicate":{"custom_model_data":50050},"model":"nlweapons:item/gvm/asval_tp-49cd7866"},{"predicate":{"custom_model_data":50051},"model":"nlweapons:item/gvm/awp_mesh_tp-37039856"},{"predicate":{"custom_model_data":50052},"model":"nlweapons:item/gvm/awp_mesh_tp"},{"predicate":{"custom_model_data":50053},"model":"nlweapons:item/gvm/asval_tp-f8c8247"},{"predicate":{"custom_model_data":50054},"model":"nlweapons:item/gvm/m4a1_tp-f8c8247"},{"predicate":{"custom_model_data":50055},"model":"nlweapons:item/gvm/testtest_tp-37039856"},{"predicate":{"custom_model_data":50056},"model":"nlweapons:item/gvm/m4a1_tp-6ebd5257"},{"predicate":{"custom_model_data":50057},"model":"nlweapons:item/gvm/testtest_tp-f8c8247"},{"predicate":{"custom_model_data":50058},"model":"nlweapons:item/gvm/m4a1_tp-37039856"},{"predicate":{"custom_model_data":50059},"model":"nlweapons:item/gvm/testtest_tp-6f76ec2c"},{"predicate":{"custom_model_data":50060},"model":"nlweapons:item/gvm/mp5_tp-49cd7866"},{"predicate":{"custom_model_data":50061},"model":"nlweapons:item/gvm/awp_mesh_tp-4631a01d"},{"predicate":{"custom_model_data":50062},"model":"nlweapons:item/gvm/awp_mesh_tp-63fa512b"},{"predicate":{"custom_model_data":50063},"model":"nlweapons:item/gvm/mp5_tp-f8c8247"},{"predicate":{"custom_model_data":50064},"model":"nlweapons:item/gvm/m4a1_tp-63fa512b"},{"predicate":{"custom_model_data":50065},"model":"nlweapons:item/gvm/m4a1_tp-3b65a2ec"},{"predicate":{"custom_model_data":50066},"model":"nlweapons:item/gvm/awp_mesh_tp-f8c8247"},{"predicate":{"custom_model_data":50067},"model":"nlweapons:item/gvm/testtest_tp-6ebd5257"}]}