{"data":14,"parent":"item/generated","textures":{"layer0":"item/leather_horse_armor"},"overrides":[{"predicate":{"custom_model_data":1},"model":"modelengine:chibi_zombie/right_arm"},{"predicate":{"custom_model_data":2},"model":"modelengine:cooking_pot/fire"},{"predicate":{"custom_model_data":3},"model":"modelengine:chibi_husk/head"},{"predicate":{"custom_model_data":4},"model":"modelengine:cooking_pot_splash/center"},{"predicate":{"custom_model_data":5},"model":"modelengine:gui_bar/7"},{"predicate":{"custom_model_data":6},"model":"modelengine:cooking_pot/cooking_pot"},{"predicate":{"custom_model_data":7},"model":"modelengine:chibi_drowned/head"},{"predicate":{"custom_model_data":8},"model":"modelengine:cooking_pot_parts/fire"},{"predicate":{"custom_model_data":9},"model":"modelengine:chibi_drowned/left_leg"},{"predicate":{"custom_model_data":10},"model":"modelengine:vehicle_car_pink/passenger_lleg"},{"predicate":{"custom_model_data":11},"model":"modelengine:chibi_drowned/right_arm"},{"predicate":{"custom_model_data":12},"model":"modelengine:chibi_husk/left_leg"},{"predicate":{"custom_model_data":13},"model":"modelengine:chibi_husk/right_arm"},{"predicate":{"custom_model_data":14},"model":"modelengine:vehicle_car_pink/passenger_rarm"},{"predicate":{"custom_model_data":15},"model":"modelengine:vehicle_car_pink/passenger_rleg"},{"predicate":{"custom_model_data":16},"model":"modelengine:chibi_husk/chibi_husk"},{"predicate":{"custom_model_data":17},"model":"modelengine:chibi_zombie/chibi_zombie"},{"predicate":{"custom_model_data":18},"model":"modelengine:chibi_zombie/left_arm"},{"predicate":{"custom_model_data":19},"model":"modelengine:vehicle_car_pink/driver_lleg"},{"predicate":{"custom_model_data":20},"model":"modelengine:chibi_drowned/chibi_drowned"},{"predicate":{"custom_model_data":21},"model":"modelengine:chibi_husk/left_arm"},{"predicate":{"custom_model_data":22},"model":"modelengine:gui_bar/2"},{"predicate":{"custom_model_data":23},"model":"modelengine:chibi_husk/right_leg"},{"predicate":{"custom_model_data":24},"model":"modelengine:chibi_zombie/right_leg"},{"predicate":{"custom_model_data":25},"model":"modelengine:gui_bar/6"},{"predicate":{"custom_model_data":26},"model":"modelengine:chibi_zombie/head"},{"predicate":{"custom_model_data":27},"model":"modelengine:gui_bar/5"},{"predicate":{"custom_model_data":28},"model":"modelengine:cooking_pot/gui"},{"predicate":{"custom_model_data":29},"model":"modelengine:vehicle_car_pink/passenger_larm"},{"predicate":{"custom_model_data":30},"model":"modelengine:cooking_pot_splash/outer"},{"predicate":{"custom_model_data":31},"model":"modelengine:chibi_drowned/right_leg"},{"predicate":{"custom_model_data":32},"model":"modelengine:chibi_zombie/left_leg"},{"predicate":{"custom_model_data":33},"model":"modelengine:cooking_pot/pot"},{"predicate":{"custom_model_data":34},"model":"modelengine:gui_bar/4"},{"predicate":{"custom_model_data":35},"model":"modelengine:gui_bar/3"},{"predicate":{"custom_model_data":36},"model":"modelengine:chibi_drowned/left_arm"},{"predicate":{"custom_model_data":37},"model":"modelengine:gui_bar/1"},{"predicate":{"custom_model_data":38},"model":"modelengine:gui_bar/0"},{"predicate":{"custom_model_data":39},"model":"modelengine:vehicle_car_police/chassis"},{"predicate":{"custom_model_data":40},"model":"modelengine:vehicle_car_police/head_light"},{"predicate":{"custom_model_data":41},"model":"modelengine:vehicle_car_police/brake_light"},{"predicate":{"custom_model_data":42},"model":"modelengine:vehicle_car_police/red_siren_light"},{"predicate":{"custom_model_data":43},"model":"modelengine:vehicle_car_police/left_door"},{"predicate":{"custom_model_data":44},"model":"modelengine:vehicle_car_police/front_right_tire_root"},{"predicate":{"custom_model_data":45},"model":"modelengine:vehicle_car_police/trunk"},{"predicate":{"custom_model_data":46},"model":"modelengine:vehicle_car_police/hood"},{"predicate":{"custom_model_data":47},"model":"modelengine:vehicle_car_police/blue_siren_light"},{"predicate":{"custom_model_data":48},"model":"modelengine:vehicle_car_police/front_left_tire_root"},{"predicate":{"custom_model_data":49},"model":"modelengine:vehicle_car_police/back_right_tire_root"},{"predicate":{"custom_model_data":50},"model":"modelengine:vehicle_car_police/right_door"},{"predicate":{"custom_model_data":51},"model":"modelengine:vehicle_car_police/front_axel"},{"predicate":{"custom_model_data":52},"model":"modelengine:vehicle_car_police/backup_light"},{"predicate":{"custom_model_data":53},"model":"modelengine:vehicle_car_police/back_left_tire_root"},{"predicate":{"custom_model_data":54},"model":"modelengine:robot/body"},{"predicate":{"custom_model_data":55},"model":"modelengine:robot/down_part_engine"},{"predicate":{"custom_model_data":56},"model":"modelengine:robot/face7"},{"predicate":{"custom_model_data":57},"model":"modelengine:robot/up_part"},{"predicate":{"custom_model_data":58},"model":"modelengine:robot/face8"},{"predicate":{"custom_model_data":59},"model":"modelengine:robot/mainface"},{"predicate":{"custom_model_data":60},"model":"modelengine:robot/face5"},{"predicate":{"custom_model_data":61},"model":"modelengine:robot/face6"},{"predicate":{"custom_model_data":62},"model":"modelengine:robot/face9"},{"predicate":{"custom_model_data":63},"model":"modelengine:robot/behind_part"},{"predicate":{"custom_model_data":64},"model":"modelengine:robot/left_part"},{"predicate":{"custom_model_data":65},"model":"modelengine:robot/face3"},{"predicate":{"custom_model_data":66},"model":"modelengine:robot/face4"},{"predicate":{"custom_model_data":67},"model":"modelengine:robot/right_part"},{"predicate":{"custom_model_data":68},"model":"modelengine:robot/face1"},{"predicate":{"custom_model_data":69},"model":"modelengine:robot/face2"},{"predicate":{"custom_model_data":70},"model":"modelengine:robot/up_part_right"},{"predicate":{"custom_model_data":71},"model":"modelengine:robot/up_part_left"},{"predicate":{"custom_model_data":72},"model":"modelengine:robot/another"},{"predicate":{"custom_model_data":73},"model":"modelengine:robot/another2"},{"predicate":{"custom_model_data":74},"model":"modelengine:magic_crate/bone3"},{"predicate":{"custom_model_data":75},"model":"modelengine:magic_crate/bone2"},{"predicate":{"custom_model_data":76},"model":"modelengine:magic_crate/bone"},{"predicate":{"custom_model_data":77},"model":"modelengine:ygshoman/head"},{"predicate":{"custom_model_data":78},"model":"modelengine:ygshoman/left_leg"},{"predicate":{"custom_model_data":79},"model":"modelengine:ygshoman/right_arm"},{"predicate":{"custom_model_data":80},"model":"modelengine:ygshoman/right_leg"},{"predicate":{"custom_model_data":81},"model":"modelengine:ygshoman/left_arm"},{"predicate":{"custom_model_data":82},"model":"modelengine:ygshoman/body"},{"predicate":{"custom_model_data":83},"model":"modelengine:ygshoman/left_leg2"},{"predicate":{"custom_model_data":84},"model":"modelengine:ygshoman/right_arm2"},{"predicate":{"custom_model_data":85},"model":"modelengine:ygshoman/right_leg2"},{"predicate":{"custom_model_data":86},"model":"modelengine:ygshoman/left_arm2"},{"predicate":{"custom_model_data":87},"model":"modelengine:ygshoman/fuck"},{"predicate":{"custom_model_data":88},"model":"modelengine:lr_newyear_dragon_classic/head"},{"predicate":{"custom_model_data":89},"model":"modelengine:lr_newyear_dragon_classic/body1"},{"predicate":{"custom_model_data":90},"model":"modelengine:lr_newyear_dragon_classic/body2"},{"predicate":{"custom_model_data":91},"model":"modelengine:lr_newyear_dragon_classic/body3"},{"predicate":{"custom_model_data":92},"model":"modelengine:lr_newyear_dragon_classic/body4"},{"predicate":{"custom_model_data":93},"model":"modelengine:lr_newyear_dragon_classic/body5"},{"predicate":{"custom_model_data":94},"model":"modelengine:lr_newyear_dragon_classic/body6"},{"predicate":{"custom_model_data":95},"model":"modelengine:lr_newyear_dragon_classic/body7"},{"predicate":{"custom_model_data":96},"model":"modelengine:lr_newyear_dragon_jade/head"},{"predicate":{"custom_model_data":97},"model":"modelengine:lr_newyear_dragon_jade/body1"},{"predicate":{"custom_model_data":98},"model":"modelengine:lr_newyear_dragon_jade/body2"},{"predicate":{"custom_model_data":99},"model":"modelengine:lr_newyear_dragon_jade/body3"},{"predicate":{"custom_model_data":100},"model":"modelengine:lr_newyear_dragon_jade/body4"},{"predicate":{"custom_model_data":101},"model":"modelengine:lr_newyear_dragon_jade/body5"},{"predicate":{"custom_model_data":102},"model":"modelengine:lr_newyear_dragon_jade/body6"},{"predicate":{"custom_model_data":103},"model":"modelengine:lr_newyear_dragon_jade/body7"},{"predicate":{"custom_model_data":104},"model":"modelengine:lr_newyear_dragon_purple/head"},{"predicate":{"custom_model_data":105},"model":"modelengine:lr_newyear_dragon_purple/body1"},{"predicate":{"custom_model_data":106},"model":"modelengine:lr_newyear_dragon_purple/body2"},{"predicate":{"custom_model_data":107},"model":"modelengine:lr_newyear_dragon_purple/body3"},{"predicate":{"custom_model_data":108},"model":"modelengine:lr_newyear_dragon_purple/body4"},{"predicate":{"custom_model_data":109},"model":"modelengine:lr_newyear_dragon_purple/body5"},{"predicate":{"custom_model_data":110},"model":"modelengine:lr_newyear_dragon_purple/body6"},{"predicate":{"custom_model_data":111},"model":"modelengine:lr_newyear_dragon_purple/body7"},{"predicate":{"custom_model_data":112},"model":"modelengine:lr_newyear_dragon_red/head"},{"predicate":{"custom_model_data":113},"model":"modelengine:lr_newyear_dragon_red/body1"},{"predicate":{"custom_model_data":114},"model":"modelengine:lr_newyear_dragon_red/body2"},{"predicate":{"custom_model_data":115},"model":"modelengine:black_silver_crate/up"},{"predicate":{"custom_model_data":116},"model":"modelengine:black_silver_crate/down"},{"predicate":{"custom_model_data":117},"model":"modelengine:black_silver_crate/handle_2"},{"predicate":{"custom_model_data":118},"model":"modelengine:black_silver_crate/handle_1"},{"predicate":{"custom_model_data":119},"model":"modelengine:blue_light_blue_crate/up"},{"predicate":{"custom_model_data":120},"model":"modelengine:blue_light_blue_crate/down"},{"predicate":{"custom_model_data":121},"model":"modelengine:blue_light_blue_crate/handle_2"},{"predicate":{"custom_model_data":122},"model":"modelengine:blue_light_blue_crate/handle_1"},{"predicate":{"custom_model_data":123},"model":"modelengine:brown_silver_crate/up"},{"predicate":{"custom_model_data":124},"model":"modelengine:brown_silver_crate/down"},{"predicate":{"custom_model_data":125},"model":"modelengine:brown_silver_crate/handle_2"},{"predicate":{"custom_model_data":126},"model":"modelengine:brown_silver_crate/handle_1"},{"predicate":{"custom_model_data":127},"model":"modelengine:pink_green_crate/up"},{"predicate":{"custom_model_data":128},"model":"modelengine:pink_green_crate/down"},{"predicate":{"custom_model_data":129},"model":"modelengine:pink_green_crate/handle_2"},{"predicate":{"custom_model_data":130},"model":"modelengine:pink_green_crate/handle_1"},{"predicate":{"custom_model_data":131},"model":"modelengine:purple_light_purple_crate/up"},{"predicate":{"custom_model_data":132},"model":"modelengine:purple_light_purple_crate/down"},{"predicate":{"custom_model_data":133},"model":"modelengine:purple_light_purple_crate/handle_2"},{"predicate":{"custom_model_data":134},"model":"modelengine:purple_light_purple_crate/handle_1"},{"predicate":{"custom_model_data":135},"model":"modelengine:red_golden_crate/up"},{"predicate":{"custom_model_data":136},"model":"modelengine:red_golden_crate/down"},{"predicate":{"custom_model_data":137},"model":"modelengine:red_golden_crate/handle_2"},{"predicate":{"custom_model_data":138},"model":"modelengine:red_golden_crate/handle_1"},{"predicate":{"custom_model_data":139},"model":"modelengine:lr_newyear_dragon_red/body3"},{"predicate":{"custom_model_data":140},"model":"modelengine:lr_newyear_dragon_red/body4"},{"predicate":{"custom_model_data":141},"model":"modelengine:lr_newyear_dragon_red/body5"},{"predicate":{"custom_model_data":142},"model":"modelengine:lr_newyear_dragon_red/body6"},{"predicate":{"custom_model_data":143},"model":"modelengine:lr_newyear_dragon_red/body7"},{"predicate":{"custom_model_data":144},"model":"modelengine:nocsy_spooky_chibi_witch/body"},{"predicate":{"custom_model_data":145},"model":"modelengine:nocsy_spooky_chibi_witch/head"},{"predicate":{"custom_model_data":146},"model":"modelengine:nocsy_spooky_chibi_witch/right_arm"},{"predicate":{"custom_model_data":147},"model":"modelengine:nocsy_spooky_chibi_witch/left_arm"},{"predicate":{"custom_model_data":148},"model":"modelengine:nocsy_spooky_chibi_witch/dress_right"},{"predicate":{"custom_model_data":149},"model":"modelengine:nocsy_spooky_chibi_witch/dress_left"},{"predicate":{"custom_model_data":150},"model":"modelengine:nocsy_spooky_chibi_witch/right_hair"},{"predicate":{"custom_model_data":151},"model":"modelengine:nocsy_spooky_chibi_witch/left_hair_mesh"},{"predicate":{"custom_model_data":152},"model":"modelengine:nocsy_spooky_chibi_witch/left_hair"},{"predicate":{"custom_model_data":153},"model":"modelengine:nocsy_spooky_chibi_witch/hair_front"},{"predicate":{"custom_model_data":154},"model":"modelengine:nocsy_spooky_chibi_witch/hat"},{"predicate":{"custom_model_data":155},"model":"modelengine:vehicle_bike/chassis"},{"predicate":{"custom_model_data":156},"model":"modelengine:vehicle_bike/rear_suspension"},{"predicate":{"custom_model_data":157},"model":"modelengine:vehicle_bike/brake_light"},{"predicate":{"custom_model_data":158},"model":"modelengine:vehicle_bike/handlebars"},{"predicate":{"custom_model_data":159},"model":"modelengine:vehicle_bike/back_right_tire"},{"predicate":{"custom_model_data":160},"model":"modelengine:vehicle_bike/driver_body"},{"predicate":{"custom_model_data":161},"model":"modelengine:vehicle_bike/head_light"},{"predicate":{"custom_model_data":162},"model":"modelengine:vehicle_bike/front_right_tire"},{"predicate":{"custom_model_data":163},"model":"modelengine:vehicle_bike/driver_rarm"},{"predicate":{"custom_model_data":164},"model":"modelengine:vehicle_bike/driver_larm"},{"predicate":{"custom_model_data":165},"model":"modelengine:vehicle_bike/driver_rleg"},{"predicate":{"custom_model_data":166},"model":"modelengine:vehicle_bike/driver_lleg"},{"predicate":{"custom_model_data":167},"model":"modelengine:vehicle_bike_black/chassis"},{"predicate":{"custom_model_data":168},"model":"modelengine:vehicle_bike_black/rear_suspension"},{"predicate":{"custom_model_data":169},"model":"modelengine:vehicle_bike_black/brake_light"},{"predicate":{"custom_model_data":170},"model":"modelengine:vehicle_bike_black/handlebars"},{"predicate":{"custom_model_data":171},"model":"modelengine:vehicle_bike_black/back_right_tire"},{"predicate":{"custom_model_data":172},"model":"modelengine:vehicle_bike_black/driver_body"},{"predicate":{"custom_model_data":173},"model":"modelengine:vehicle_bike_black/head_light"},{"predicate":{"custom_model_data":174},"model":"modelengine:vehicle_bike_black/front_right_tire"},{"predicate":{"custom_model_data":175},"model":"modelengine:vehicle_bike_black/driver_rarm"},{"predicate":{"custom_model_data":176},"model":"modelengine:vehicle_bike_black/driver_larm"},{"predicate":{"custom_model_data":177},"model":"modelengine:vehicle_bike_black/driver_rleg"},{"predicate":{"custom_model_data":178},"model":"modelengine:vehicle_bike_black/driver_lleg"},{"predicate":{"custom_model_data":179},"model":"modelengine:vehicle_bike_blue/chassis"},{"predicate":{"custom_model_data":180},"model":"modelengine:vehicle_bike_blue/rear_suspension"},{"predicate":{"custom_model_data":181},"model":"modelengine:vehicle_bike_blue/brake_light"},{"predicate":{"custom_model_data":182},"model":"modelengine:vehicle_bike_blue/handlebars"},{"predicate":{"custom_model_data":183},"model":"modelengine:vehicle_bike_blue/back_right_tire"},{"predicate":{"custom_model_data":184},"model":"modelengine:vehicle_bike_blue/driver_body"},{"predicate":{"custom_model_data":185},"model":"modelengine:vehicle_bike_blue/head_light"},{"predicate":{"custom_model_data":186},"model":"modelengine:vehicle_bike_blue/front_right_tire"},{"predicate":{"custom_model_data":187},"model":"modelengine:vehicle_bike_blue/driver_rarm"},{"predicate":{"custom_model_data":188},"model":"modelengine:vehicle_bike_blue/driver_larm"},{"predicate":{"custom_model_data":189},"model":"modelengine:vehicle_bike_blue/driver_rleg"},{"predicate":{"custom_model_data":190},"model":"modelengine:vehicle_bike_blue/driver_lleg"},{"predicate":{"custom_model_data":191},"model":"modelengine:vehicle_bike_dead/chassis"},{"predicate":{"custom_model_data":192},"model":"modelengine:vehicle_bike_dead/rear_suspension"},{"predicate":{"custom_model_data":193},"model":"modelengine:vehicle_bike_dead/handlebars"},{"predicate":{"custom_model_data":194},"model":"modelengine:vehicle_bike_green/chassis"},{"predicate":{"custom_model_data":195},"model":"modelengine:vehicle_bike_green/rear_suspension"},{"predicate":{"custom_model_data":196},"model":"modelengine:vehicle_bike_green/brake_light"},{"predicate":{"custom_model_data":197},"model":"modelengine:vehicle_bike_green/handlebars"},{"predicate":{"custom_model_data":198},"model":"modelengine:vehicle_bike_green/back_right_tire"},{"predicate":{"custom_model_data":199},"model":"modelengine:vehicle_bike_green/driver_body"},{"predicate":{"custom_model_data":200},"model":"modelengine:vehicle_bike_green/head_light"},{"predicate":{"custom_model_data":201},"model":"modelengine:vehicle_bike_green/front_right_tire"},{"predicate":{"custom_model_data":202},"model":"modelengine:vehicle_bike_green/driver_rarm"},{"predicate":{"custom_model_data":203},"model":"modelengine:vehicle_bike_green/driver_larm"},{"predicate":{"custom_model_data":204},"model":"modelengine:vehicle_bike_green/driver_rleg"},{"predicate":{"custom_model_data":205},"model":"modelengine:vehicle_bike_green/driver_lleg"},{"predicate":{"custom_model_data":206},"model":"modelengine:vehicle_bike_pink/chassis"},{"predicate":{"custom_model_data":207},"model":"modelengine:vehicle_bike_pink/rear_suspension"},{"predicate":{"custom_model_data":208},"model":"modelengine:vehicle_bike_pink/brake_light"},{"predicate":{"custom_model_data":209},"model":"modelengine:vehicle_bike_pink/handlebars"},{"predicate":{"custom_model_data":210},"model":"modelengine:vehicle_bike_pink/back_right_tire"},{"predicate":{"custom_model_data":211},"model":"modelengine:vehicle_bike_pink/driver_body"},{"predicate":{"custom_model_data":212},"model":"modelengine:vehicle_bike_pink/head_light"},{"predicate":{"custom_model_data":213},"model":"modelengine:vehicle_bike_pink/front_right_tire"},{"predicate":{"custom_model_data":214},"model":"modelengine:vehicle_bike_pink/driver_rarm"},{"predicate":{"custom_model_data":215},"model":"modelengine:vehicle_bike_pink/driver_larm"},{"predicate":{"custom_model_data":216},"model":"modelengine:vehicle_bike_pink/driver_rleg"},{"predicate":{"custom_model_data":217},"model":"modelengine:vehicle_bike_pink/driver_lleg"},{"predicate":{"custom_model_data":218},"model":"modelengine:vehicle_bike_red/chassis"},{"predicate":{"custom_model_data":219},"model":"modelengine:vehicle_bike_red/rear_suspension"},{"predicate":{"custom_model_data":220},"model":"modelengine:vehicle_bike_red/brake_light"},{"predicate":{"custom_model_data":221},"model":"modelengine:vehicle_bike_red/handlebars"},{"predicate":{"custom_model_data":222},"model":"modelengine:vehicle_bike_red/back_right_tire"},{"predicate":{"custom_model_data":223},"model":"modelengine:vehicle_bike_red/driver_body"},{"predicate":{"custom_model_data":224},"model":"modelengine:vehicle_bike_red/head_light"},{"predicate":{"custom_model_data":225},"model":"modelengine:vehicle_bike_red/front_right_tire"},{"predicate":{"custom_model_data":226},"model":"modelengine:vehicle_bike_red/driver_rarm"},{"predicate":{"custom_model_data":227},"model":"modelengine:vehicle_bike_red/driver_larm"},{"predicate":{"custom_model_data":228},"model":"modelengine:vehicle_bike_red/driver_rleg"},{"predicate":{"custom_model_data":229},"model":"modelengine:vehicle_bike_red/driver_lleg"},{"predicate":{"custom_model_data":230},"model":"modelengine:vehicle_car/chassis"},{"predicate":{"custom_model_data":231},"model":"modelengine:vehicle_car/head_light"},{"predicate":{"custom_model_data":232},"model":"modelengine:vehicle_car/brake_light"},{"predicate":{"custom_model_data":233},"model":"modelengine:vehicle_car/left_door"},{"predicate":{"custom_model_data":234},"model":"modelengine:vehicle_car/front_right_tire_root"},{"predicate":{"custom_model_data":235},"model":"modelengine:vehicle_car/trunk"},{"predicate":{"custom_model_data":236},"model":"modelengine:vehicle_car/hood"},{"predicate":{"custom_model_data":237},"model":"modelengine:vehicle_car/front_left_tire_root"},{"predicate":{"custom_model_data":238},"model":"modelengine:vehicle_car/back_right_tire_root"},{"predicate":{"custom_model_data":239},"model":"modelengine:vehicle_car/right_door"},{"predicate":{"custom_model_data":240},"model":"modelengine:vehicle_car/front_axel"},{"predicate":{"custom_model_data":241},"model":"modelengine:vehicle_car/backup_light"},{"predicate":{"custom_model_data":242},"model":"modelengine:vehicle_car/back_left_tire_root"},{"predicate":{"custom_model_data":243},"model":"modelengine:vehicle_car/back_axel"},{"predicate":{"custom_model_data":244},"model":"modelengine:vehicle_car/left_light"},{"predicate":{"custom_model_data":245},"model":"modelengine:vehicle_car/right_light"},{"predicate":{"custom_model_data":246},"model":"modelengine:vehicle_car/front_right_tire"},{"predicate":{"custom_model_data":247},"model":"modelengine:vehicle_car/front_left_tire"},{"predicate":{"custom_model_data":248},"model":"modelengine:vehicle_car/back_right_tire"},{"predicate":{"custom_model_data":249},"model":"modelengine:vehicle_car/driver_body"},{"predicate":{"custom_model_data":250},"model":"modelengine:vehicle_car/back_left_tire"},{"predicate":{"custom_model_data":251},"model":"modelengine:vehicle_car/passenger_body"},{"predicate":{"custom_model_data":252},"model":"modelengine:vehicle_car/driver_rarm"},{"predicate":{"custom_model_data":253},"model":"modelengine:vehicle_car/_driver_larm"},{"predicate":{"custom_model_data":254},"model":"modelengine:vehicle_car/driver_rleg"},{"predicate":{"custom_model_data":255},"model":"modelengine:vehicle_car/driver_lleg"},{"predicate":{"custom_model_data":256},"model":"modelengine:vehicle_car/passenger_rarm"},{"predicate":{"custom_model_data":257},"model":"modelengine:vehicle_car/passenger_larm"},{"predicate":{"custom_model_data":258},"model":"modelengine:vehicle_car/passenger_lleg"},{"predicate":{"custom_model_data":259},"model":"modelengine:vehicle_car/passenger_rleg"},{"predicate":{"custom_model_data":260},"model":"modelengine:vehicle_car_black/chassis"},{"predicate":{"custom_model_data":261},"model":"modelengine:vehicle_car_black/head_light"},{"predicate":{"custom_model_data":262},"model":"modelengine:vehicle_car_black/brake_light"},{"predicate":{"custom_model_data":263},"model":"modelengine:vehicle_car_black/left_door"},{"predicate":{"custom_model_data":264},"model":"modelengine:vehicle_car_black/front_right_tire_root"},{"predicate":{"custom_model_data":265},"model":"modelengine:vehicle_car_black/trunk"},{"predicate":{"custom_model_data":266},"model":"modelengine:vehicle_car_black/hood"},{"predicate":{"custom_model_data":267},"model":"modelengine:vehicle_car_black/front_left_tire_root"},{"predicate":{"custom_model_data":268},"model":"modelengine:vehicle_car_black/back_right_tire_root"},{"predicate":{"custom_model_data":269},"model":"modelengine:vehicle_car_black/right_door"},{"predicate":{"custom_model_data":270},"model":"modelengine:vehicle_car_black/front_axel"},{"predicate":{"custom_model_data":271},"model":"modelengine:vehicle_car_black/backup_light"},{"predicate":{"custom_model_data":272},"model":"modelengine:vehicle_car_black/back_left_tire_root"},{"predicate":{"custom_model_data":273},"model":"modelengine:vehicle_car_black/back_axel"},{"predicate":{"custom_model_data":274},"model":"modelengine:vehicle_car_black/left_light"},{"predicate":{"custom_model_data":275},"model":"modelengine:vehicle_car_black/right_light"},{"predicate":{"custom_model_data":276},"model":"modelengine:vehicle_car_black/front_right_tire"},{"predicate":{"custom_model_data":277},"model":"modelengine:vehicle_car_black/front_left_tire"},{"predicate":{"custom_model_data":278},"model":"modelengine:vehicle_car_black/back_right_tire"},{"predicate":{"custom_model_data":279},"model":"modelengine:vehicle_car_black/driver_body"},{"predicate":{"custom_model_data":280},"model":"modelengine:vehicle_car_black/back_left_tire"},{"predicate":{"custom_model_data":281},"model":"modelengine:vehicle_car_black/passenger_body"},{"predicate":{"custom_model_data":282},"model":"modelengine:vehicle_car_black/driver_rarm"},{"predicate":{"custom_model_data":283},"model":"modelengine:vehicle_car_black/driver_larm"},{"predicate":{"custom_model_data":284},"model":"modelengine:vehicle_car_black/driver_rleg"},{"predicate":{"custom_model_data":285},"model":"modelengine:vehicle_car_black/driver_lleg"},{"predicate":{"custom_model_data":286},"model":"modelengine:vehicle_car_black/passenger_rarm"},{"predicate":{"custom_model_data":287},"model":"modelengine:vehicle_car_black/passenger_larm"},{"predicate":{"custom_model_data":288},"model":"modelengine:vehicle_car_black/passenger_lleg"},{"predicate":{"custom_model_data":289},"model":"modelengine:vehicle_car_black/passenger_rleg"},{"predicate":{"custom_model_data":290},"model":"modelengine:vehicle_car_blue/chassis"},{"predicate":{"custom_model_data":291},"model":"modelengine:vehicle_car_blue/head_light"},{"predicate":{"custom_model_data":292},"model":"modelengine:vehicle_car_blue/brake_light"},{"predicate":{"custom_model_data":293},"model":"modelengine:vehicle_car_blue/left_door"},{"predicate":{"custom_model_data":294},"model":"modelengine:vehicle_car_blue/front_right_tire_root"},{"predicate":{"custom_model_data":295},"model":"modelengine:vehicle_car_blue/trunk"},{"predicate":{"custom_model_data":296},"model":"modelengine:vehicle_car_blue/hood"},{"predicate":{"custom_model_data":297},"model":"modelengine:vehicle_car_blue/front_left_tire_root"},{"predicate":{"custom_model_data":298},"model":"modelengine:vehicle_car_blue/back_right_tire_root"},{"predicate":{"custom_model_data":299},"model":"modelengine:vehicle_car_blue/right_door"},{"predicate":{"custom_model_data":300},"model":"modelengine:vehicle_car_blue/front_axel"},{"predicate":{"custom_model_data":301},"model":"modelengine:vehicle_car_blue/backup_light"},{"predicate":{"custom_model_data":302},"model":"modelengine:vehicle_car_blue/back_left_tire_root"},{"predicate":{"custom_model_data":303},"model":"modelengine:vehicle_car_blue/back_axel"},{"predicate":{"custom_model_data":304},"model":"modelengine:vehicle_car_blue/left_light"},{"predicate":{"custom_model_data":305},"model":"modelengine:vehicle_car_blue/right_light"},{"predicate":{"custom_model_data":306},"model":"modelengine:vehicle_car_blue/front_right_tire"},{"predicate":{"custom_model_data":307},"model":"modelengine:vehicle_car_blue/front_left_tire"},{"predicate":{"custom_model_data":308},"model":"modelengine:vehicle_car_blue/back_right_tire"},{"predicate":{"custom_model_data":309},"model":"modelengine:vehicle_car_blue/driver_body"},{"predicate":{"custom_model_data":310},"model":"modelengine:vehicle_car_blue/back_left_tire"},{"predicate":{"custom_model_data":311},"model":"modelengine:vehicle_car_blue/passenger_body"},{"predicate":{"custom_model_data":312},"model":"modelengine:vehicle_car_blue/driver_rarm"},{"predicate":{"custom_model_data":313},"model":"modelengine:vehicle_car_blue/driver_larm"},{"predicate":{"custom_model_data":314},"model":"modelengine:vehicle_car_blue/driver_rleg"},{"predicate":{"custom_model_data":315},"model":"modelengine:vehicle_car_blue/driver_lleg"},{"predicate":{"custom_model_data":316},"model":"modelengine:vehicle_car_blue/passenger_rarm"},{"predicate":{"custom_model_data":317},"model":"modelengine:vehicle_car_blue/passenger_larm"},{"predicate":{"custom_model_data":318},"model":"modelengine:vehicle_car_blue/passenger_lleg"},{"predicate":{"custom_model_data":319},"model":"modelengine:vehicle_car_blue/passenger_rleg"},{"predicate":{"custom_model_data":320},"model":"modelengine:vehicle_car_dead/chassis"},{"predicate":{"custom_model_data":321},"model":"modelengine:vehicle_car_dead/right_door"},{"predicate":{"custom_model_data":322},"model":"modelengine:vehicle_car_dead/left_door"},{"predicate":{"custom_model_data":323},"model":"modelengine:vehicle_car_dead/trunk"},{"predicate":{"custom_model_data":324},"model":"modelengine:vehicle_car_dead/hood"},{"predicate":{"custom_model_data":325},"model":"modelengine:vehicle_car_green/chassis"},{"predicate":{"custom_model_data":326},"model":"modelengine:vehicle_car_green/head_light"},{"predicate":{"custom_model_data":327},"model":"modelengine:vehicle_car_green/brake_light"},{"predicate":{"custom_model_data":328},"model":"modelengine:vehicle_car_green/left_door"},{"predicate":{"custom_model_data":329},"model":"modelengine:vehicle_car_green/front_right_tire_root"},{"predicate":{"custom_model_data":330},"model":"modelengine:vehicle_car_green/trunk"},{"predicate":{"custom_model_data":331},"model":"modelengine:vehicle_car_green/hood"},{"predicate":{"custom_model_data":332},"model":"modelengine:vehicle_car_green/front_left_tire_root"},{"predicate":{"custom_model_data":333},"model":"modelengine:vehicle_car_green/back_right_tire_root"},{"predicate":{"custom_model_data":334},"model":"modelengine:vehicle_car_green/right_door"},{"predicate":{"custom_model_data":335},"model":"modelengine:vehicle_car_green/front_axel"},{"predicate":{"custom_model_data":336},"model":"modelengine:vehicle_car_green/backup_light"},{"predicate":{"custom_model_data":337},"model":"modelengine:vehicle_car_green/back_left_tire_root"},{"predicate":{"custom_model_data":338},"model":"modelengine:vehicle_car_green/back_axel"},{"predicate":{"custom_model_data":339},"model":"modelengine:vehicle_car_green/left_light"},{"predicate":{"custom_model_data":340},"model":"modelengine:vehicle_car_green/right_light"},{"predicate":{"custom_model_data":341},"model":"modelengine:vehicle_car_green/front_right_tire"},{"predicate":{"custom_model_data":342},"model":"modelengine:vehicle_car_green/front_left_tire"},{"predicate":{"custom_model_data":343},"model":"modelengine:vehicle_car_green/back_right_tire"},{"predicate":{"custom_model_data":344},"model":"modelengine:vehicle_car_green/driver_body"},{"predicate":{"custom_model_data":345},"model":"modelengine:vehicle_car_green/back_left_tire"},{"predicate":{"custom_model_data":346},"model":"modelengine:vehicle_car_green/passenger_body"},{"predicate":{"custom_model_data":347},"model":"modelengine:vehicle_car_green/driver_rarm"},{"predicate":{"custom_model_data":348},"model":"modelengine:vehicle_car_green/driver_larm"},{"predicate":{"custom_model_data":349},"model":"modelengine:vehicle_car_green/driver_rleg"},{"predicate":{"custom_model_data":350},"model":"modelengine:vehicle_car_green/driver_lleg"},{"predicate":{"custom_model_data":351},"model":"modelengine:vehicle_car_green/passenger_rarm"},{"predicate":{"custom_model_data":352},"model":"modelengine:vehicle_car_green/passenger_larm"},{"predicate":{"custom_model_data":353},"model":"modelengine:vehicle_car_green/passenger_lleg"},{"predicate":{"custom_model_data":354},"model":"modelengine:vehicle_car_green/passenger_rleg"},{"predicate":{"custom_model_data":355},"model":"modelengine:vehicle_car_pink/chassis"},{"predicate":{"custom_model_data":356},"model":"modelengine:vehicle_car_pink/head_light"},{"predicate":{"custom_model_data":357},"model":"modelengine:vehicle_car_pink/brake_light"},{"predicate":{"custom_model_data":358},"model":"modelengine:vehicle_car_pink/left_door"},{"predicate":{"custom_model_data":359},"model":"modelengine:vehicle_car_pink/front_right_tire_root"},{"predicate":{"custom_model_data":360},"model":"modelengine:vehicle_car_pink/trunk"},{"predicate":{"custom_model_data":361},"model":"modelengine:vehicle_car_pink/hood"},{"predicate":{"custom_model_data":362},"model":"modelengine:vehicle_car_pink/front_left_tire_root"},{"predicate":{"custom_model_data":363},"model":"modelengine:vehicle_car_pink/back_right_tire_root"},{"predicate":{"custom_model_data":364},"model":"modelengine:vehicle_car_pink/right_door"},{"predicate":{"custom_model_data":365},"model":"modelengine:vehicle_car_pink/front_axel"},{"predicate":{"custom_model_data":366},"model":"modelengine:vehicle_car_pink/backup_light"},{"predicate":{"custom_model_data":367},"model":"modelengine:vehicle_car_pink/back_left_tire_root"},{"predicate":{"custom_model_data":368},"model":"modelengine:vehicle_car_pink/back_axel"},{"predicate":{"custom_model_data":369},"model":"modelengine:vehicle_car_pink/left_light"},{"predicate":{"custom_model_data":370},"model":"modelengine:vehicle_car_pink/right_light"},{"predicate":{"custom_model_data":371},"model":"modelengine:vehicle_car_pink/front_right_tire"},{"predicate":{"custom_model_data":372},"model":"modelengine:vehicle_car_pink/front_left_tire"},{"predicate":{"custom_model_data":373},"model":"modelengine:vehicle_car_pink/back_right_tire"},{"predicate":{"custom_model_data":374},"model":"modelengine:vehicle_car_pink/driver_body"},{"predicate":{"custom_model_data":375},"model":"modelengine:vehicle_car_pink/back_left_tire"},{"predicate":{"custom_model_data":376},"model":"modelengine:vehicle_car_pink/passenger_body"},{"predicate":{"custom_model_data":377},"model":"modelengine:vehicle_car_pink/driver_rarm"},{"predicate":{"custom_model_data":378},"model":"modelengine:vehicle_car_pink/driver_larm"},{"predicate":{"custom_model_data":379},"model":"modelengine:vehicle_car_pink/driver_rleg"},{"predicate":{"custom_model_data":380},"model":"modelengine:vehicle_car_police/back_axel"},{"predicate":{"custom_model_data":381},"model":"modelengine:vehicle_car_police/left_light"},{"predicate":{"custom_model_data":382},"model":"modelengine:vehicle_car_police/right_light"},{"predicate":{"custom_model_data":383},"model":"modelengine:vehicle_car_police/front_right_tire"},{"predicate":{"custom_model_data":384},"model":"modelengine:vehicle_car_police/front_left_tire"},{"predicate":{"custom_model_data":385},"model":"modelengine:vehicle_car_police/back_right_tire"},{"predicate":{"custom_model_data":386},"model":"modelengine:vehicle_car_police/driver_body"},{"predicate":{"custom_model_data":387},"model":"modelengine:vehicle_car_police/back_left_tire"},{"predicate":{"custom_model_data":388},"model":"modelengine:vehicle_car_police/passenger_body"},{"predicate":{"custom_model_data":389},"model":"modelengine:vehicle_car_police/driver_rarm"},{"predicate":{"custom_model_data":390},"model":"modelengine:vehicle_car_police/driver_larm"},{"predicate":{"custom_model_data":391},"model":"modelengine:vehicle_car_police/driver_rleg"},{"predicate":{"custom_model_data":392},"model":"modelengine:vehicle_car_police/driver_lleg"},{"predicate":{"custom_model_data":393},"model":"modelengine:vehicle_car_police/passenger_rarm"},{"predicate":{"custom_model_data":394},"model":"modelengine:vehicle_car_police/passenger_larm"},{"predicate":{"custom_model_data":395},"model":"modelengine:vehicle_car_police/passenger_lleg"},{"predicate":{"custom_model_data":396},"model":"modelengine:vehicle_car_police/passenger_rleg"},{"predicate":{"custom_model_data":397},"model":"modelengine:vehicle_car_red/chassis"},{"predicate":{"custom_model_data":398},"model":"modelengine:vehicle_car_red/head_light"},{"predicate":{"custom_model_data":399},"model":"modelengine:vehicle_car_red/brake_light"},{"predicate":{"custom_model_data":400},"model":"modelengine:vehicle_car_red/left_door"},{"predicate":{"custom_model_data":401},"model":"modelengine:vehicle_car_red/front_right_tire_root"},{"predicate":{"custom_model_data":402},"model":"modelengine:vehicle_car_red/trunk"},{"predicate":{"custom_model_data":403},"model":"modelengine:vehicle_car_red/hood"},{"predicate":{"custom_model_data":404},"model":"modelengine:vehicle_car_red/front_left_tire_root"},{"predicate":{"custom_model_data":405},"model":"modelengine:vehicle_car_red/back_right_tire_root"},{"predicate":{"custom_model_data":406},"model":"modelengine:vehicle_car_red/right_door"},{"predicate":{"custom_model_data":407},"model":"modelengine:vehicle_car_red/front_axel"},{"predicate":{"custom_model_data":408},"model":"modelengine:vehicle_car_red/backup_light"},{"predicate":{"custom_model_data":409},"model":"modelengine:vehicle_car_red/back_left_tire_root"},{"predicate":{"custom_model_data":410},"model":"modelengine:vehicle_car_red/back_axel"},{"predicate":{"custom_model_data":411},"model":"modelengine:vehicle_car_red/left_light"},{"predicate":{"custom_model_data":412},"model":"modelengine:vehicle_car_red/right_light"},{"predicate":{"custom_model_data":413},"model":"modelengine:vehicle_car_red/front_right_tire"},{"predicate":{"custom_model_data":414},"model":"modelengine:vehicle_car_red/front_left_tire"},{"predicate":{"custom_model_data":415},"model":"modelengine:vehicle_car_red/back_right_tire"},{"predicate":{"custom_model_data":416},"model":"modelengine:vehicle_car_red/driver_body"},{"predicate":{"custom_model_data":417},"model":"modelengine:vehicle_car_red/back_left_tire"},{"predicate":{"custom_model_data":418},"model":"modelengine:vehicle_car_red/passenger_body"},{"predicate":{"custom_model_data":419},"model":"modelengine:vehicle_car_red/driver_rarm"},{"predicate":{"custom_model_data":420},"model":"modelengine:vehicle_car_red/driver_larm"},{"predicate":{"custom_model_data":421},"model":"modelengine:vehicle_car_red/driver_rleg"},{"predicate":{"custom_model_data":422},"model":"modelengine:vehicle_car_red/driver_lleg"},{"predicate":{"custom_model_data":423},"model":"modelengine:vehicle_car_red/passenger_rarm"},{"predicate":{"custom_model_data":424},"model":"modelengine:vehicle_car_red/passenger_larm"},{"predicate":{"custom_model_data":425},"model":"modelengine:vehicle_car_red/passenger_lleg"},{"predicate":{"custom_model_data":426},"model":"modelengine:vehicle_car_red/passenger_rleg"},{"predicate":{"custom_model_data":427},"model":"modelengine:vehicle_car_taxi/chassis"},{"predicate":{"custom_model_data":428},"model":"modelengine:vehicle_car_taxi/head_light"},{"predicate":{"custom_model_data":429},"model":"modelengine:vehicle_car_taxi/brake_light"},{"predicate":{"custom_model_data":430},"model":"modelengine:vehicle_car_taxi/left_door"},{"predicate":{"custom_model_data":431},"model":"modelengine:vehicle_car_taxi/front_right_tire_root"},{"predicate":{"custom_model_data":432},"model":"modelengine:vehicle_car_taxi/trunk"},{"predicate":{"custom_model_data":433},"model":"modelengine:vehicle_car_taxi/hood"},{"predicate":{"custom_model_data":434},"model":"modelengine:vehicle_car_taxi/front_left_tire_root"},{"predicate":{"custom_model_data":435},"model":"modelengine:vehicle_car_taxi/back_right_tire_root"},{"predicate":{"custom_model_data":436},"model":"modelengine:vehicle_car_taxi/right_door"},{"predicate":{"custom_model_data":437},"model":"modelengine:vehicle_car_taxi/backup_light"},{"predicate":{"custom_model_data":438},"model":"modelengine:vehicle_car_taxi/back_left_tire_root"},{"predicate":{"custom_model_data":439},"model":"modelengine:vehicle_car_taxi/front_right_tire"},{"predicate":{"custom_model_data":440},"model":"modelengine:vehicle_car_taxi/front_left_tire"},{"predicate":{"custom_model_data":441},"model":"modelengine:vehicle_car_taxi/back_right_tire"},{"predicate":{"custom_model_data":442},"model":"modelengine:vehicle_car_taxi/driver_body"},{"predicate":{"custom_model_data":443},"model":"modelengine:vehicle_car_taxi/back_left_tire"},{"predicate":{"custom_model_data":444},"model":"modelengine:vehicle_car_taxi/passenger_body"},{"predicate":{"custom_model_data":445},"model":"modelengine:vehicle_car_taxi/driver_rarm"},{"predicate":{"custom_model_data":446},"model":"modelengine:vehicle_car_taxi/driver_larm"},{"predicate":{"custom_model_data":447},"model":"modelengine:vehicle_car_taxi/driver_rleg"},{"predicate":{"custom_model_data":448},"model":"modelengine:vehicle_car_taxi/driver_lleg"},{"predicate":{"custom_model_data":449},"model":"modelengine:vehicle_car_taxi/passenger_rarm"},{"predicate":{"custom_model_data":450},"model":"modelengine:vehicle_car_taxi/passenger_larm"},{"predicate":{"custom_model_data":451},"model":"modelengine:vehicle_car_taxi/passenger_lleg"},{"predicate":{"custom_model_data":452},"model":"modelengine:vehicle_car_taxi/passenger_rleg"},{"predicate":{"custom_model_data":453},"model":"modelengine:vehicle_car_white/chassis"},{"predicate":{"custom_model_data":454},"model":"modelengine:vehicle_car_white/head_light"},{"predicate":{"custom_model_data":455},"model":"modelengine:vehicle_car_white/brake_light"},{"predicate":{"custom_model_data":456},"model":"modelengine:vehicle_car_white/left_door"},{"predicate":{"custom_model_data":457},"model":"modelengine:vehicle_car_white/front_right_tire_root"},{"predicate":{"custom_model_data":458},"model":"modelengine:vehicle_car_white/trunk"},{"predicate":{"custom_model_data":459},"model":"modelengine:vehicle_car_white/hood"},{"predicate":{"custom_model_data":460},"model":"modelengine:vehicle_car_white/front_left_tire_root"},{"predicate":{"custom_model_data":461},"model":"modelengine:vehicle_car_white/back_right_tire_root"},{"predicate":{"custom_model_data":462},"model":"modelengine:vehicle_car_white/right_door"},{"predicate":{"custom_model_data":463},"model":"modelengine:vehicle_car_white/front_axel"},{"predicate":{"custom_model_data":464},"model":"modelengine:vehicle_car_white/backup_light"},{"predicate":{"custom_model_data":465},"model":"modelengine:vehicle_car_white/back_left_tire_root"},{"predicate":{"custom_model_data":466},"model":"modelengine:vehicle_car_white/back_axel"},{"predicate":{"custom_model_data":467},"model":"modelengine:vehicle_car_white/left_light"},{"predicate":{"custom_model_data":468},"model":"modelengine:vehicle_car_white/right_light"},{"predicate":{"custom_model_data":469},"model":"modelengine:vehicle_car_white/front_right_tire"},{"predicate":{"custom_model_data":470},"model":"modelengine:vehicle_car_white/front_left_tire"},{"predicate":{"custom_model_data":471},"model":"modelengine:vehicle_car_white/back_right_tire"},{"predicate":{"custom_model_data":472},"model":"modelengine:vehicle_car_white/driver_body"},{"predicate":{"custom_model_data":473},"model":"modelengine:vehicle_car_white/back_left_tire"},{"predicate":{"custom_model_data":474},"model":"modelengine:vehicle_car_white/passenger_body"},{"predicate":{"custom_model_data":475},"model":"modelengine:vehicle_car_white/driver_rarm"},{"predicate":{"custom_model_data":476},"model":"modelengine:vehicle_car_white/driver_larm"},{"predicate":{"custom_model_data":477},"model":"modelengine:vehicle_car_white/driver_rleg"},{"predicate":{"custom_model_data":478},"model":"modelengine:vehicle_car_white/driver_lleg"},{"predicate":{"custom_model_data":479},"model":"modelengine:vehicle_car_white/passenger_rarm"},{"predicate":{"custom_model_data":480},"model":"modelengine:vehicle_car_white/passenger_larm"},{"predicate":{"custom_model_data":481},"model":"modelengine:vehicle_car_white/passenger_lleg"},{"predicate":{"custom_model_data":482},"model":"modelengine:vehicle_car_white/passenger_rleg"},{"predicate":{"custom_model_data":483},"model":"modelengine:vehicle_truck/back_right_tire_root"},{"predicate":{"custom_model_data":484},"model":"modelengine:vehicle_truck/front_axel"},{"predicate":{"custom_model_data":485},"model":"modelengine:vehicle_truck/back_left_tire_root"},{"predicate":{"custom_model_data":486},"model":"modelengine:vehicle_truck/back_axel"},{"predicate":{"custom_model_data":487},"model":"modelengine:vehicle_truck/front_right_tire_root"},{"predicate":{"custom_model_data":488},"model":"modelengine:vehicle_truck/car_body"},{"predicate":{"custom_model_data":489},"model":"modelengine:vehicle_truck/front_left_tire_root"},{"predicate":{"custom_model_data":490},"model":"modelengine:vehicle_truck/back_right_tire"},{"predicate":{"custom_model_data":491},"model":"modelengine:vehicle_truck/back_left_tire"},{"predicate":{"custom_model_data":492},"model":"modelengine:vehicle_truck/front_right_tire"},{"predicate":{"custom_model_data":493},"model":"modelengine:vehicle_truck/head_light"},{"predicate":{"custom_model_data":494},"model":"modelengine:vehicle_truck/right_door"},{"predicate":{"custom_model_data":495},"model":"modelengine:vehicle_truck/brake_light"},{"predicate":{"custom_model_data":496},"model":"modelengine:vehicle_truck/backup_light"},{"predicate":{"custom_model_data":497},"model":"modelengine:vehicle_truck/tailgate_hatch"},{"predicate":{"custom_model_data":498},"model":"modelengine:vehicle_truck/left_door"},{"predicate":{"custom_model_data":499},"model":"modelengine:vehicle_truck/left_light"},{"predicate":{"custom_model_data":500},"model":"modelengine:vehicle_truck/hood"},{"predicate":{"custom_model_data":501},"model":"modelengine:vehicle_truck/right_light"},{"predicate":{"custom_model_data":502},"model":"modelengine:vehicle_truck/front_left_tire"},{"predicate":{"custom_model_data":503},"model":"modelengine:vehicle_truck/driver_body"},{"predicate":{"custom_model_data":504},"model":"modelengine:vehicle_truck/passenger_body"},{"predicate":{"custom_model_data":505},"model":"modelengine:vehicle_truck/back_body"},{"predicate":{"custom_model_data":506},"model":"modelengine:vehicle_truck/driver_rarm"},{"predicate":{"custom_model_data":507},"model":"modelengine:vehicle_truck/driver_larm"},{"predicate":{"custom_model_data":508},"model":"modelengine:vehicle_truck/driver_rleg"},{"predicate":{"custom_model_data":509},"model":"modelengine:vehicle_truck/driver_lleg"},{"predicate":{"custom_model_data":510},"model":"modelengine:vehicle_truck/passenger_rarm"},{"predicate":{"custom_model_data":511},"model":"modelengine:vehicle_truck/passenger_larm"},{"predicate":{"custom_model_data":512},"model":"modelengine:vehicle_truck/passenger_lleg"},{"predicate":{"custom_model_data":513},"model":"modelengine:vehicle_truck/passenger_rleg"},{"predicate":{"custom_model_data":514},"model":"modelengine:vehicle_truck/back_rleg"},{"predicate":{"custom_model_data":515},"model":"modelengine:vehicle_truck/back_rarm"},{"predicate":{"custom_model_data":516},"model":"modelengine:vehicle_truck/back_larm"},{"predicate":{"custom_model_data":517},"model":"modelengine:vehicle_truck/back_lleg"},{"predicate":{"custom_model_data":518},"model":"modelengine:vehicle_truck_black/back_right_tire_root"},{"predicate":{"custom_model_data":519},"model":"modelengine:vehicle_truck_black/front_axel"},{"predicate":{"custom_model_data":520},"model":"modelengine:vehicle_truck_black/back_left_tire_root"},{"predicate":{"custom_model_data":521},"model":"modelengine:vehicle_truck_black/back_axel"},{"predicate":{"custom_model_data":522},"model":"modelengine:vehicle_truck_black/front_right_tire_root"},{"predicate":{"custom_model_data":523},"model":"modelengine:vehicle_truck_black/car_body"},{"predicate":{"custom_model_data":524},"model":"modelengine:vehicle_truck_black/front_left_tire_root"},{"predicate":{"custom_model_data":525},"model":"modelengine:vehicle_truck_black/back_right_tire"},{"predicate":{"custom_model_data":526},"model":"modelengine:vehicle_truck_black/back_left_tire"},{"predicate":{"custom_model_data":527},"model":"modelengine:vehicle_truck_black/front_right_tire"},{"predicate":{"custom_model_data":528},"model":"modelengine:vehicle_truck_black/head_light"},{"predicate":{"custom_model_data":529},"model":"modelengine:vehicle_truck_black/right_door"},{"predicate":{"custom_model_data":530},"model":"modelengine:vehicle_truck_black/brake_light"},{"predicate":{"custom_model_data":531},"model":"modelengine:vehicle_truck_black/backup_light"},{"predicate":{"custom_model_data":532},"model":"modelengine:vehicle_truck_black/tailgate_hatch"},{"predicate":{"custom_model_data":533},"model":"modelengine:vehicle_truck_black/left_door"},{"predicate":{"custom_model_data":534},"model":"modelengine:vehicle_truck_black/left_light"},{"predicate":{"custom_model_data":535},"model":"modelengine:vehicle_truck_black/hood"},{"predicate":{"custom_model_data":536},"model":"modelengine:vehicle_truck_black/right_light"},{"predicate":{"custom_model_data":537},"model":"modelengine:vehicle_truck_black/front_left_tire"},{"predicate":{"custom_model_data":538},"model":"modelengine:vehicle_truck_black/driver_body"},{"predicate":{"custom_model_data":539},"model":"modelengine:vehicle_truck_black/passenger_body"},{"predicate":{"custom_model_data":540},"model":"modelengine:vehicle_truck_black/back_body"},{"predicate":{"custom_model_data":541},"model":"modelengine:vehicle_truck_black/driver_rarm"},{"predicate":{"custom_model_data":542},"model":"modelengine:vehicle_truck_black/driver_larm"},{"predicate":{"custom_model_data":543},"model":"modelengine:vehicle_truck_black/driver_rleg"},{"predicate":{"custom_model_data":544},"model":"modelengine:vehicle_truck_black/driver_lleg"},{"predicate":{"custom_model_data":545},"model":"modelengine:vehicle_truck_black/passenger_rarm"},{"predicate":{"custom_model_data":546},"model":"modelengine:vehicle_truck_black/passenger_larm"},{"predicate":{"custom_model_data":547},"model":"modelengine:vehicle_truck_black/passenger_lleg"},{"predicate":{"custom_model_data":548},"model":"modelengine:vehicle_truck_black/passenger_rleg"},{"predicate":{"custom_model_data":549},"model":"modelengine:vehicle_truck_black/back_rleg"},{"predicate":{"custom_model_data":550},"model":"modelengine:vehicle_truck_black/back_rarm"},{"predicate":{"custom_model_data":551},"model":"modelengine:vehicle_truck_black/back_larm"},{"predicate":{"custom_model_data":552},"model":"modelengine:vehicle_truck_black/back_lleg"},{"predicate":{"custom_model_data":553},"model":"modelengine:vehicle_truck_blue/back_right_tire_root"},{"predicate":{"custom_model_data":554},"model":"modelengine:vehicle_truck_blue/front_axel"},{"predicate":{"custom_model_data":555},"model":"modelengine:vehicle_truck_blue/back_left_tire_root"},{"predicate":{"custom_model_data":556},"model":"modelengine:vehicle_truck_blue/back_axel"},{"predicate":{"custom_model_data":557},"model":"modelengine:vehicle_truck_blue/front_right_tire_root"},{"predicate":{"custom_model_data":558},"model":"modelengine:vehicle_truck_blue/car_body"},{"predicate":{"custom_model_data":559},"model":"modelengine:vehicle_truck_blue/front_left_tire_root"},{"predicate":{"custom_model_data":560},"model":"modelengine:vehicle_truck_blue/back_right_tire"},{"predicate":{"custom_model_data":561},"model":"modelengine:vehicle_truck_blue/back_left_tire"},{"predicate":{"custom_model_data":562},"model":"modelengine:vehicle_truck_blue/front_right_tire"},{"predicate":{"custom_model_data":563},"model":"modelengine:vehicle_truck_blue/head_light"},{"predicate":{"custom_model_data":564},"model":"modelengine:vehicle_truck_blue/right_door"},{"predicate":{"custom_model_data":565},"model":"modelengine:vehicle_truck_blue/brake_light"},{"predicate":{"custom_model_data":566},"model":"modelengine:vehicle_truck_blue/backup_light"},{"predicate":{"custom_model_data":567},"model":"modelengine:vehicle_truck_blue/tailgate_hatch"},{"predicate":{"custom_model_data":568},"model":"modelengine:vehicle_truck_blue/left_door"},{"predicate":{"custom_model_data":569},"model":"modelengine:vehicle_truck_blue/left_light"},{"predicate":{"custom_model_data":570},"model":"modelengine:vehicle_truck_blue/hood"},{"predicate":{"custom_model_data":571},"model":"modelengine:vehicle_truck_blue/right_light"},{"predicate":{"custom_model_data":572},"model":"modelengine:vehicle_truck_blue/front_left_tire"},{"predicate":{"custom_model_data":573},"model":"modelengine:vehicle_truck_blue/driver_body"},{"predicate":{"custom_model_data":574},"model":"modelengine:vehicle_truck_blue/passenger_body"},{"predicate":{"custom_model_data":575},"model":"modelengine:vehicle_truck_blue/back_body"},{"predicate":{"custom_model_data":576},"model":"modelengine:vehicle_truck_blue/driver_rarm"},{"predicate":{"custom_model_data":577},"model":"modelengine:vehicle_truck_blue/driver_larm"},{"predicate":{"custom_model_data":578},"model":"modelengine:vehicle_truck_blue/driver_rleg"},{"predicate":{"custom_model_data":579},"model":"modelengine:vehicle_truck_blue/driver_lleg"},{"predicate":{"custom_model_data":580},"model":"modelengine:vehicle_truck_blue/passenger_rarm"},{"predicate":{"custom_model_data":581},"model":"modelengine:vehicle_truck_blue/passenger_larm"},{"predicate":{"custom_model_data":582},"model":"modelengine:vehicle_truck_blue/passenger_lleg"},{"predicate":{"custom_model_data":583},"model":"modelengine:vehicle_truck_blue/passenger_rleg"},{"predicate":{"custom_model_data":584},"model":"modelengine:vehicle_truck_blue/back_rleg"},{"predicate":{"custom_model_data":585},"model":"modelengine:vehicle_truck_blue/back_rarm"},{"predicate":{"custom_model_data":586},"model":"modelengine:vehicle_truck_blue/back_larm"},{"predicate":{"custom_model_data":587},"model":"modelengine:vehicle_truck_blue/back_lleg"},{"predicate":{"custom_model_data":588},"model":"modelengine:vehicle_truck_dead/car_body"},{"predicate":{"custom_model_data":589},"model":"modelengine:vehicle_truck_dead/right_door"},{"predicate":{"custom_model_data":590},"model":"modelengine:vehicle_truck_dead/tailgate_hatch"},{"predicate":{"custom_model_data":591},"model":"modelengine:vehicle_truck_dead/left_door"},{"predicate":{"custom_model_data":592},"model":"modelengine:vehicle_truck_dead/hood"},{"predicate":{"custom_model_data":593},"model":"modelengine:vehicle_truck_green/back_right_tire_root"},{"predicate":{"custom_model_data":594},"model":"modelengine:vehicle_truck_green/front_axel"},{"predicate":{"custom_model_data":595},"model":"modelengine:vehicle_truck_green/back_left_tire_root"},{"predicate":{"custom_model_data":596},"model":"modelengine:vehicle_truck_green/back_axel"},{"predicate":{"custom_model_data":597},"model":"modelengine:vehicle_truck_green/front_right_tire_root"},{"predicate":{"custom_model_data":598},"model":"modelengine:vehicle_truck_green/car_body"},{"predicate":{"custom_model_data":599},"model":"modelengine:vehicle_truck_green/front_left_tire_root"},{"predicate":{"custom_model_data":600},"model":"modelengine:vehicle_truck_green/back_right_tire"},{"predicate":{"custom_model_data":601},"model":"modelengine:vehicle_truck_green/back_left_tire"},{"predicate":{"custom_model_data":602},"model":"modelengine:vehicle_truck_green/front_right_tire"},{"predicate":{"custom_model_data":603},"model":"modelengine:vehicle_truck_green/head_light"},{"predicate":{"custom_model_data":604},"model":"modelengine:vehicle_truck_green/right_door"},{"predicate":{"custom_model_data":605},"model":"modelengine:vehicle_truck_green/brake_light"},{"predicate":{"custom_model_data":606},"model":"modelengine:vehicle_truck_green/backup_light"},{"predicate":{"custom_model_data":607},"model":"modelengine:vehicle_truck_green/tailgate_hatch"},{"predicate":{"custom_model_data":608},"model":"modelengine:vehicle_truck_green/left_door"},{"predicate":{"custom_model_data":609},"model":"modelengine:vehicle_truck_green/left_light"},{"predicate":{"custom_model_data":610},"model":"modelengine:vehicle_truck_green/hood"},{"predicate":{"custom_model_data":611},"model":"modelengine:vehicle_truck_green/right_light"},{"predicate":{"custom_model_data":612},"model":"modelengine:vehicle_truck_green/front_left_tire"},{"predicate":{"custom_model_data":613},"model":"modelengine:vehicle_truck_green/driver_body"},{"predicate":{"custom_model_data":614},"model":"modelengine:vehicle_truck_green/passenger_body"},{"predicate":{"custom_model_data":615},"model":"modelengine:vehicle_truck_green/back_body"},{"predicate":{"custom_model_data":616},"model":"modelengine:vehicle_truck_green/driver_rarm"},{"predicate":{"custom_model_data":617},"model":"modelengine:vehicle_truck_green/driver_larm"},{"predicate":{"custom_model_data":618},"model":"modelengine:vehicle_truck_green/driver_rleg"},{"predicate":{"custom_model_data":619},"model":"modelengine:vehicle_truck_green/driver_lleg"},{"predicate":{"custom_model_data":620},"model":"modelengine:vehicle_truck_green/passenger_rarm"},{"predicate":{"custom_model_data":621},"model":"modelengine:vehicle_truck_green/passenger_larm"},{"predicate":{"custom_model_data":622},"model":"modelengine:vehicle_truck_green/passenger_lleg"},{"predicate":{"custom_model_data":623},"model":"modelengine:vehicle_truck_green/passenger_rleg"},{"predicate":{"custom_model_data":624},"model":"modelengine:vehicle_truck_green/back_rleg"},{"predicate":{"custom_model_data":625},"model":"modelengine:vehicle_truck_green/back_rarm"},{"predicate":{"custom_model_data":626},"model":"modelengine:vehicle_truck_green/back_larm"},{"predicate":{"custom_model_data":627},"model":"modelengine:vehicle_truck_green/back_lleg"},{"predicate":{"custom_model_data":628},"model":"modelengine:vehicle_truck_pink/back_right_tire_root"},{"predicate":{"custom_model_data":629},"model":"modelengine:vehicle_truck_pink/front_axel"},{"predicate":{"custom_model_data":630},"model":"modelengine:vehicle_truck_pink/back_left_tire_root"},{"predicate":{"custom_model_data":631},"model":"modelengine:vehicle_truck_pink/back_axel"},{"predicate":{"custom_model_data":632},"model":"modelengine:vehicle_truck_pink/front_right_tire_root"},{"predicate":{"custom_model_data":633},"model":"modelengine:vehicle_truck_pink/car_body"},{"predicate":{"custom_model_data":634},"model":"modelengine:vehicle_truck_pink/front_left_tire_root"},{"predicate":{"custom_model_data":635},"model":"modelengine:vehicle_truck_pink/back_right_tire"},{"predicate":{"custom_model_data":636},"model":"modelengine:vehicle_truck_pink/back_left_tire"},{"predicate":{"custom_model_data":637},"model":"modelengine:vehicle_truck_pink/front_right_tire"},{"predicate":{"custom_model_data":638},"model":"modelengine:vehicle_truck_pink/head_light"},{"predicate":{"custom_model_data":639},"model":"modelengine:vehicle_truck_pink/right_door"},{"predicate":{"custom_model_data":640},"model":"modelengine:vehicle_truck_pink/brake_light"},{"predicate":{"custom_model_data":641},"model":"modelengine:vehicle_truck_pink/backup_light"},{"predicate":{"custom_model_data":642},"model":"modelengine:vehicle_truck_pink/tailgate_hatch"},{"predicate":{"custom_model_data":643},"model":"modelengine:vehicle_truck_pink/left_door"},{"predicate":{"custom_model_data":644},"model":"modelengine:vehicle_truck_pink/left_light"},{"predicate":{"custom_model_data":645},"model":"modelengine:vehicle_truck_pink/hood"},{"predicate":{"custom_model_data":646},"model":"modelengine:vehicle_truck_pink/right_light"},{"predicate":{"custom_model_data":647},"model":"modelengine:vehicle_truck_pink/front_left_tire"},{"predicate":{"custom_model_data":648},"model":"modelengine:vehicle_truck_pink/driver_body"},{"predicate":{"custom_model_data":649},"model":"modelengine:vehicle_truck_pink/passenger_body"},{"predicate":{"custom_model_data":650},"model":"modelengine:vehicle_truck_pink/back_body"},{"predicate":{"custom_model_data":651},"model":"modelengine:vehicle_truck_pink/driver_rarm"},{"predicate":{"custom_model_data":652},"model":"modelengine:vehicle_truck_pink/driver_larm"},{"predicate":{"custom_model_data":653},"model":"modelengine:vehicle_truck_pink/driver_rleg"},{"predicate":{"custom_model_data":654},"model":"modelengine:vehicle_truck_pink/driver_lleg"},{"predicate":{"custom_model_data":655},"model":"modelengine:vehicle_truck_pink/passenger_rarm"},{"predicate":{"custom_model_data":656},"model":"modelengine:vehicle_truck_pink/passenger_larm"},{"predicate":{"custom_model_data":657},"model":"modelengine:vehicle_truck_pink/passenger_lleg"},{"predicate":{"custom_model_data":658},"model":"modelengine:vehicle_truck_pink/passenger_rleg"},{"predicate":{"custom_model_data":659},"model":"modelengine:vehicle_truck_pink/back_rleg"},{"predicate":{"custom_model_data":660},"model":"modelengine:vehicle_truck_pink/back_rarm"},{"predicate":{"custom_model_data":661},"model":"modelengine:vehicle_truck_pink/back_larm"},{"predicate":{"custom_model_data":662},"model":"modelengine:vehicle_truck_pink/back_lleg"},{"predicate":{"custom_model_data":663},"model":"modelengine:vehicle_truck_white/back_right_tire_root"},{"predicate":{"custom_model_data":664},"model":"modelengine:vehicle_truck_white/front_axel"},{"predicate":{"custom_model_data":665},"model":"modelengine:vehicle_truck_white/back_left_tire_root"},{"predicate":{"custom_model_data":666},"model":"modelengine:vehicle_truck_white/back_axel"},{"predicate":{"custom_model_data":667},"model":"modelengine:vehicle_truck_white/front_right_tire_root"},{"predicate":{"custom_model_data":668},"model":"modelengine:vehicle_truck_white/car_body"},{"predicate":{"custom_model_data":669},"model":"modelengine:vehicle_truck_white/front_left_tire_root"},{"predicate":{"custom_model_data":670},"model":"modelengine:vehicle_truck_white/back_right_tire"},{"predicate":{"custom_model_data":671},"model":"modelengine:vehicle_truck_white/back_left_tire"},{"predicate":{"custom_model_data":672},"model":"modelengine:vehicle_truck_white/front_right_tire"},{"predicate":{"custom_model_data":673},"model":"modelengine:vehicle_truck_white/head_light"},{"predicate":{"custom_model_data":674},"model":"modelengine:vehicle_truck_white/right_door"},{"predicate":{"custom_model_data":675},"model":"modelengine:vehicle_truck_white/brake_light"},{"predicate":{"custom_model_data":676},"model":"modelengine:vehicle_truck_white/backup_light"},{"predicate":{"custom_model_data":677},"model":"modelengine:vehicle_truck_white/tailgate_hatch"},{"predicate":{"custom_model_data":678},"model":"modelengine:vehicle_truck_white/left_door"},{"predicate":{"custom_model_data":679},"model":"modelengine:vehicle_truck_white/left_light"},{"predicate":{"custom_model_data":680},"model":"modelengine:vehicle_truck_white/hood"},{"predicate":{"custom_model_data":681},"model":"modelengine:vehicle_truck_white/right_light"},{"predicate":{"custom_model_data":682},"model":"modelengine:vehicle_truck_white/front_left_tire"},{"predicate":{"custom_model_data":683},"model":"modelengine:vehicle_truck_white/driver_body"},{"predicate":{"custom_model_data":684},"model":"modelengine:vehicle_truck_white/passenger_body"},{"predicate":{"custom_model_data":685},"model":"modelengine:vehicle_truck_white/back_body"},{"predicate":{"custom_model_data":686},"model":"modelengine:vehicle_truck_white/driver_rarm"},{"predicate":{"custom_model_data":687},"model":"modelengine:vehicle_truck_white/driver_larm"},{"predicate":{"custom_model_data":688},"model":"modelengine:vehicle_truck_white/driver_rleg"},{"predicate":{"custom_model_data":689},"model":"modelengine:vehicle_truck_white/driver_lleg"},{"predicate":{"custom_model_data":690},"model":"modelengine:vehicle_truck_white/passenger_rarm"},{"predicate":{"custom_model_data":691},"model":"modelengine:vehicle_truck_white/passenger_larm"},{"predicate":{"custom_model_data":692},"model":"modelengine:vehicle_truck_white/passenger_lleg"},{"predicate":{"custom_model_data":693},"model":"modelengine:vehicle_truck_white/passenger_rleg"},{"predicate":{"custom_model_data":694},"model":"modelengine:vehicle_truck_white/back_rleg"},{"predicate":{"custom_model_data":695},"model":"modelengine:vehicle_truck_white/back_rarm"},{"predicate":{"custom_model_data":696},"model":"modelengine:vehicle_truck_white/back_larm"},{"predicate":{"custom_model_data":697},"model":"modelengine:vehicle_truck_white/back_lleg"},{"predicate":{"custom_model_data":698},"model":"modelengine:tactical_quadcopter_drone_blue/group2"},{"predicate":{"custom_model_data":699},"model":"modelengine:tactical_quadcopter_drone_blue/firstaidbox"},{"predicate":{"custom_model_data":700},"model":"modelengine:tactical_quadcopter_drone_blue/fastrunningbufflightning"},{"predicate":{"custom_model_data":701},"model":"modelengine:tactical_quadcopter_drone_blue/camouflagepictureofapersonwithonlyaframe"},{"predicate":{"custom_model_data":702},"model":"modelengine:tactical_quadcopter_drone_blue/bone3"},{"predicate":{"custom_model_data":703},"model":"modelengine:tactical_quadcopter_drone_blue/scanforlivingthingsaroundyounightvisionradar"},{"predicate":{"custom_model_data":704},"model":"modelengine:tactical_quadcopter_drone_blue/bone2"},{"predicate":{"custom_model_data":705},"model":"modelengine:tactical_quadcopter_drone_blue/bone4"},{"predicate":{"custom_model_data":706},"model":"modelengine:tactical_quadcopter_drone_blue/bone"},{"predicate":{"custom_model_data":707},"model":"modelengine:tactical_quadcopter_drone_blue/removebuffkheminjection"},{"predicate":{"custom_model_data":708},"model":"modelengine:tactical_quadcopter_drone_blue/bapswordcrossedsword"},{"predicate":{"custom_model_data":709},"model":"modelengine:tactical_quadcopter_drone_blue/islandbuffgoldenheart"},{"predicate":{"custom_model_data":710},"model":"modelengine:tactical_quadcopter_drone_green/group2"},{"predicate":{"custom_model_data":711},"model":"modelengine:tactical_quadcopter_drone_green/firstaidbox"},{"predicate":{"custom_model_data":712},"model":"modelengine:tactical_quadcopter_drone_green/fastrunningbufflightning"},{"predicate":{"custom_model_data":713},"model":"modelengine:tactical_quadcopter_drone_green/camouflagepictureofapersonwithonlyaframe"},{"predicate":{"custom_model_data":714},"model":"modelengine:tactical_quadcopter_drone_green/bone3"},{"predicate":{"custom_model_data":715},"model":"modelengine:tactical_quadcopter_drone_green/scanforlivingthingsaroundyounightvisionradar"},{"predicate":{"custom_model_data":716},"model":"modelengine:tactical_quadcopter_drone_green/bone2"},{"predicate":{"custom_model_data":717},"model":"modelengine:tactical_quadcopter_drone_green/bone4"},{"predicate":{"custom_model_data":718},"model":"modelengine:tactical_quadcopter_drone_green/bone"},{"predicate":{"custom_model_data":719},"model":"modelengine:tactical_quadcopter_drone_green/removebuffkheminjection"},{"predicate":{"custom_model_data":720},"model":"modelengine:tactical_quadcopter_drone_green/bapswordcrossedsword"},{"predicate":{"custom_model_data":721},"model":"modelengine:tactical_quadcopter_drone_green/islandbuffgoldenheart"},{"predicate":{"custom_model_data":722},"model":"modelengine:tactical_quadcopter_drone_white/group2"},{"predicate":{"custom_model_data":723},"model":"modelengine:tactical_quadcopter_drone_white/firstaidbox"},{"predicate":{"custom_model_data":724},"model":"modelengine:tactical_quadcopter_drone_white/fastrunningbufflightning"},{"predicate":{"custom_model_data":725},"model":"modelengine:tactical_quadcopter_drone_white/camouflagepictureofapersonwithonlyaframe"},{"predicate":{"custom_model_data":726},"model":"modelengine:tactical_quadcopter_drone_white/bone3"},{"predicate":{"custom_model_data":727},"model":"modelengine:tactical_quadcopter_drone_white/scanforlivingthingsaroundyounightvisionradar"},{"predicate":{"custom_model_data":728},"model":"modelengine:tactical_quadcopter_drone_white/bone2"},{"predicate":{"custom_model_data":729},"model":"modelengine:tactical_quadcopter_drone_white/bone4"},{"predicate":{"custom_model_data":730},"model":"modelengine:tactical_quadcopter_drone_white/bone"},{"predicate":{"custom_model_data":731},"model":"modelengine:tactical_quadcopter_drone_white/removebuffkheminjection"},{"predicate":{"custom_model_data":732},"model":"modelengine:tactical_quadcopter_drone_white/bapswordcrossedsword"},{"predicate":{"custom_model_data":733},"model":"modelengine:tactical_quadcopter_drone_white/islandbuffgoldenheart"},{"predicate":{"custom_model_data":734},"model":"modelengine:death_spike/bone"},{"predicate":{"custom_model_data":735},"model":"modelengine:death_spike/body"},{"predicate":{"custom_model_data":736},"model":"modelengine:death_spike/bone2"},{"predicate":{"custom_model_data":737},"model":"modelengine:death_spike/head"},{"predicate":{"custom_model_data":738},"model":"modelengine:death_spike/rightleg"},{"predicate":{"custom_model_data":739},"model":"modelengine:death_spike/rightarm"},{"predicate":{"custom_model_data":740},"model":"modelengine:death_spike/leftleg"},{"predicate":{"custom_model_data":741},"model":"modelengine:death_spike/leftarm"},{"predicate":{"custom_model_data":742},"model":"modelengine:leave_flyaway/bone2"},{"predicate":{"custom_model_data":743},"model":"modelengine:leave_flyaway/bone"},{"predicate":{"custom_model_data":744},"model":"modelengine:leave_flyaway/body"},{"predicate":{"custom_model_data":745},"model":"modelengine:leave_flyaway/head"},{"predicate":{"custom_model_data":746},"model":"modelengine:leave_flyaway/rightleg"},{"predicate":{"custom_model_data":747},"model":"modelengine:leave_flyaway/rightarm"},{"predicate":{"custom_model_data":748},"model":"modelengine:leave_flyaway/leftleg"},{"predicate":{"custom_model_data":749},"model":"modelengine:leave_flyaway/leftarm"},{"predicate":{"custom_model_data":750},"model":"modelengine:warp_pipe/bone3"},{"predicate":{"custom_model_data":751},"model":"modelengine:warp_pipe/pipe"},{"predicate":{"custom_model_data":752},"model":"modelengine:warp_pipe/body"},{"predicate":{"custom_model_data":753},"model":"modelengine:warp_pipe/head"},{"predicate":{"custom_model_data":754},"model":"modelengine:warp_pipe/rightleg"},{"predicate":{"custom_model_data":755},"model":"modelengine:warp_pipe/rightarm"},{"predicate":{"custom_model_data":756},"model":"modelengine:warp_pipe/leftleg"},{"predicate":{"custom_model_data":757},"model":"modelengine:warp_pipe/leftarm"},{"predicate":{"custom_model_data":758},"model":"modelengine:bubble_animation/bubble"},{"predicate":{"custom_model_data":759},"model":"modelengine:delivery_animation/drone"},{"predicate":{"custom_model_data":760},"model":"modelengine:delivery_animation/bone3"},{"predicate":{"custom_model_data":761},"model":"modelengine:delivery_animation/bone5"},{"predicate":{"custom_model_data":762},"model":"modelengine:delivery_animation/bone4"},{"predicate":{"custom_model_data":763},"model":"modelengine:delivery_animation/bone"},{"predicate":{"custom_model_data":764},"model":"modelengine:delivery_animation/bone6"},{"predicate":{"custom_model_data":765},"model":"modelengine:delivery_animation/bone2"},{"predicate":{"custom_model_data":766},"model":"modelengine:drill_animation/drill3"},{"predicate":{"custom_model_data":767},"model":"modelengine:drill_animation/drill2"},{"predicate":{"custom_model_data":768},"model":"modelengine:drill_animation/bone2"},{"predicate":{"custom_model_data":769},"model":"modelengine:drill_animation/bone10"},{"predicate":{"custom_model_data":770},"model":"modelengine:drill_animation/bone3"},{"predicate":{"custom_model_data":771},"model":"modelengine:drill_animation/bone8"},{"predicate":{"custom_model_data":772},"model":"modelengine:drill_animation/bone11"},{"predicate":{"custom_model_data":773},"model":"modelengine:drill_animation/bone15"},{"predicate":{"custom_model_data":774},"model":"modelengine:drill_animation/bone4"},{"predicate":{"custom_model_data":775},"model":"modelengine:drill_animation/bone9"},{"predicate":{"custom_model_data":776},"model":"modelengine:drill_animation/bone12"},{"predicate":{"custom_model_data":777},"model":"modelengine:drill_animation/bone16"},{"predicate":{"custom_model_data":778},"model":"modelengine:drill_animation/bone5"},{"predicate":{"custom_model_data":779},"model":"modelengine:drill_animation/bone13"},{"predicate":{"custom_model_data":780},"model":"modelengine:wsc_splash_lava/splash_inner"},{"predicate":{"custom_model_data":781},"model":"modelengine:wsc_splash_lava/splash_outer"},{"predicate":{"custom_model_data":782},"model":"modelengine:wsc_splash_water/splash_inner"},{"predicate":{"custom_model_data":783},"model":"modelengine:wsc_splash_water/splash_outer"},{"predicate":{"custom_model_data":784},"model":"modelengine:wsc_splash_water/splash_innertint"},{"predicate":{"custom_model_data":785},"model":"modelengine:wsc_splash_water/splash_outertint"},{"predicate":{"custom_model_data":786},"model":"modelengine:herobrine/body"},{"predicate":{"custom_model_data":787},"model":"modelengine:herobrine/hp_bar"},{"predicate":{"custom_model_data":788},"model":"modelengine:herobrine/head"},{"predicate":{"custom_model_data":789},"model":"modelengine:herobrine/rightleg"},{"predicate":{"custom_model_data":790},"model":"modelengine:herobrine/rightarm"},{"predicate":{"custom_model_data":791},"model":"modelengine:herobrine/leftleg"},{"predicate":{"custom_model_data":792},"model":"modelengine:herobrine/leftarm"},{"predicate":{"custom_model_data":793},"model":"modelengine:herobrine/rightfoot"},{"predicate":{"custom_model_data":794},"model":"modelengine:herobrine/righthand"},{"predicate":{"custom_model_data":795},"model":"modelengine:herobrine/leftfoot"},{"predicate":{"custom_model_data":796},"model":"modelengine:herobrine/lefthand"},{"predicate":{"custom_model_data":797},"model":"modelengine:herobrine_alex/body"},{"predicate":{"custom_model_data":798},"model":"modelengine:herobrine_alex/hp_bar"},{"predicate":{"custom_model_data":799},"model":"modelengine:herobrine_alex/head"},{"predicate":{"custom_model_data":800},"model":"modelengine:herobrine_alex/rightleg"},{"predicate":{"custom_model_data":801},"model":"modelengine:herobrine_alex/rightarm"},{"predicate":{"custom_model_data":802},"model":"modelengine:herobrine_alex/leftleg"},{"predicate":{"custom_model_data":803},"model":"modelengine:herobrine_alex/leftarm"},{"predicate":{"custom_model_data":804},"model":"modelengine:herobrine_alex/rightfoot"},{"predicate":{"custom_model_data":805},"model":"modelengine:herobrine_alex/righthand"},{"predicate":{"custom_model_data":806},"model":"modelengine:herobrine_alex/leftfoot"},{"predicate":{"custom_model_data":807},"model":"modelengine:herobrine_alex/lefthand"},{"predicate":{"custom_model_data":808},"model":"modelengine:herobrine_alex_bits/sword"},{"predicate":{"custom_model_data":809},"model":"modelengine:herobrine_alex_bits/shield"},{"predicate":{"custom_model_data":810},"model":"modelengine:herobrine_alex_bits/fishingrod"},{"predicate":{"custom_model_data":811},"model":"modelengine:herobrine_alex_bits/pickaxe"},{"predicate":{"custom_model_data":812},"model":"modelengine:herobrine_alex_bits/crossbow_unloaded"},{"predicate":{"custom_model_data":813},"model":"modelengine:herobrine_alex_bits/beef"},{"predicate":{"custom_model_data":814},"model":"modelengine:herobrine_alex_bits/crossbow_loaded"},{"predicate":{"custom_model_data":815},"model":"modelengine:herobrine_alex_bits/axe"},{"predicate":{"custom_model_data":816},"model":"modelengine:herobrine_axe/axe"},{"predicate":{"custom_model_data":817},"model":"modelengine:herobrine_bits/sword"},{"predicate":{"custom_model_data":818},"model":"modelengine:herobrine_bits/shield"},{"predicate":{"custom_model_data":819},"model":"modelengine:herobrine_bits/fishingrod"},{"predicate":{"custom_model_data":820},"model":"modelengine:herobrine_bits/pickaxe"},{"predicate":{"custom_model_data":821},"model":"modelengine:herobrine_bits/crossbow_unloaded"},{"predicate":{"custom_model_data":822},"model":"modelengine:herobrine_bits/beef"},{"predicate":{"custom_model_data":823},"model":"modelengine:herobrine_bits/crossbow_loaded"},{"predicate":{"custom_model_data":824},"model":"modelengine:herobrine_bits/axe"},{"predicate":{"custom_model_data":825},"model":"modelengine:herobrine_bobber/bobber"},{"predicate":{"custom_model_data":826},"model":"modelengine:herobrine_steve/body"},{"predicate":{"custom_model_data":827},"model":"modelengine:herobrine_steve/hp_bar"},{"predicate":{"custom_model_data":828},"model":"modelengine:herobrine_steve/head"},{"predicate":{"custom_model_data":829},"model":"modelengine:herobrine_steve/rightleg"},{"predicate":{"custom_model_data":830},"model":"modelengine:herobrine_steve/rightarm"},{"predicate":{"custom_model_data":831},"model":"modelengine:herobrine_steve/leftleg"},{"predicate":{"custom_model_data":832},"model":"modelengine:herobrine_steve/leftarm"},{"predicate":{"custom_model_data":833},"model":"modelengine:herobrine_steve/rightfoot"},{"predicate":{"custom_model_data":834},"model":"modelengine:herobrine_steve/righthand"},{"predicate":{"custom_model_data":835},"model":"modelengine:herobrine_steve/leftfoot"},{"predicate":{"custom_model_data":836},"model":"modelengine:herobrine_steve/lefthand"},{"predicate":{"custom_model_data":837},"model":"modelengine:herobrine_zombie/body"},{"predicate":{"custom_model_data":838},"model":"modelengine:herobrine_zombie/hp_bar"},{"predicate":{"custom_model_data":839},"model":"modelengine:herobrine_zombie/head"},{"predicate":{"custom_model_data":840},"model":"modelengine:herobrine_zombie/rightleg"},{"predicate":{"custom_model_data":841},"model":"modelengine:herobrine_zombie/rightarm"},{"predicate":{"custom_model_data":842},"model":"modelengine:herobrine_zombie/leftleg"},{"predicate":{"custom_model_data":843},"model":"modelengine:herobrine_zombie/leftarm"},{"predicate":{"custom_model_data":844},"model":"modelengine:herobrine_zombie/rightfoot"},{"predicate":{"custom_model_data":845},"model":"modelengine:herobrine_zombie/righthand"},{"predicate":{"custom_model_data":846},"model":"modelengine:herobrine_zombie/leftfoot"},{"predicate":{"custom_model_data":847},"model":"modelengine:herobrine_zombie/lefthand"},{"predicate":{"custom_model_data":848},"model":"modelengine:herobrine_zombie_bits/sword"},{"predicate":{"custom_model_data":849},"model":"modelengine:herobrine_zombie_bits/shield"},{"predicate":{"custom_model_data":850},"model":"modelengine:herobrine_zombie_bits/fishingrod"},{"predicate":{"custom_model_data":851},"model":"modelengine:herobrine_zombie_bits/pickaxe"},{"predicate":{"custom_model_data":852},"model":"modelengine:herobrine_zombie_bits/crossbow_unloaded"},{"predicate":{"custom_model_data":853},"model":"modelengine:herobrine_zombie_bits/beef"},{"predicate":{"custom_model_data":854},"model":"modelengine:herobrine_zombie_bits/crossbow_loaded"},{"predicate":{"custom_model_data":855},"model":"modelengine:herobrine_zombie_bits/axe"},{"predicate":{"custom_model_data":856},"model":"modelengine:lr_healthbar/11"},{"predicate":{"custom_model_data":857},"model":"modelengine:lr_healthbar/12"},{"predicate":{"custom_model_data":858},"model":"modelengine:lr_healthbar/13"},{"predicate":{"custom_model_data":859},"model":"modelengine:lr_healthbar/14"},{"predicate":{"custom_model_data":860},"model":"modelengine:lr_healthbar/15"},{"predicate":{"custom_model_data":861},"model":"modelengine:lr_healthbar/16"},{"predicate":{"custom_model_data":862},"model":"modelengine:lr_healthbar/17"},{"predicate":{"custom_model_data":863},"model":"modelengine:lr_healthbar/18"},{"predicate":{"custom_model_data":864},"model":"modelengine:lr_healthbar/19"},{"predicate":{"custom_model_data":865},"model":"modelengine:lr_healthbar/1"},{"predicate":{"custom_model_data":866},"model":"modelengine:lr_healthbar/2"},{"predicate":{"custom_model_data":867},"model":"modelengine:lr_healthbar/3"},{"predicate":{"custom_model_data":868},"model":"modelengine:lr_healthbar/4"},{"predicate":{"custom_model_data":869},"model":"modelengine:lr_healthbar/5"},{"predicate":{"custom_model_data":870},"model":"modelengine:lr_healthbar/6"},{"predicate":{"custom_model_data":871},"model":"modelengine:lr_healthbar/7"},{"predicate":{"custom_model_data":872},"model":"modelengine:lr_healthbar/8"},{"predicate":{"custom_model_data":873},"model":"modelengine:lr_healthbar/9"},{"predicate":{"custom_model_data":874},"model":"modelengine:lr_healthbar/20"},{"predicate":{"custom_model_data":875},"model":"modelengine:lr_healthbar/10"},{"predicate":{"custom_model_data":10000},"model":"cosmetic:custom/item/ballon"},{"predicate":{"custom_model_data":10001},"model":"cosmetic:custom/item/stick"},{"predicate":{"custom_model_data":10002},"model":"cosmetic:custom/item/brush"},{"predicate":{"custom_model_data":10003},"model":"cosmetic:custom/item/backpack"},{"predicate":{"custom_model_data":10004},"model":"cosmetic:custom/item/stand"},{"predicate":{"custom_model_data":10005},"model":"cosmetic:custom/item/mexhat"},{"predicate":{"custom_model_data":10006},"model":"cosmetic:custom/item/token"},{"predicate":{"custom_model_data":10011},"model":"hmccosmetics:item/beanie"},{"predicate":{"custom_model_data":10012},"model":"cosmetic:custom/item/tone"},{"predicate":{"custom_model_data":10012},"model":"hmccosmetics:item/paintbrush"},{"predicate":{"custom_model_data":10013},"model":"cosmetic:custom/item/hotdog"},{"predicate":{"custom_model_data":10013},"model":"hmccosmetics:item/wingsjdh"},{"predicate":{"custom_model_data":10014},"model":"minecraft:item/leather_horse_armor"},{"predicate":{"custom_model_data":10014},"model":"hmccosmetics:item/earth_day_grabber"},{"predicate":{"custom_model_data":10016},"model":"hmccosmetics:item/chicken_hat"},{"predicate":{"custom_model_data":10017},"model":"hmccosmetics:item/chicken_wings"},{"predicate":{"custom_model_data":10018},"model":"hmccosmetics:item/cutlass"},{"predicate":{"custom_model_data":10019},"model":"hmccosmetics:item/cyber_blade"},{"predicate":{"custom_model_data":10020},"model":"hmccosmetics:item/cyber_jetpack"},{"predicate":{"custom_model_data":10021},"model":"hmccosmetics:item/cyber_visor"},{"predicate":{"custom_model_data":10022},"model":"hmccosmetics:item/egg_staff"},{"predicate":{"custom_model_data":10023},"model":"hmccosmetics:item/phantom_king_crown"},{"predicate":{"custom_model_data":10024},"model":"hmccosmetics:item/phantom_king_shield"},{"predicate":{"custom_model_data":10025},"model":"hmccosmetics:item/phantom_septer"},{"predicate":{"custom_model_data":10026},"model":"hmccosmetics:item/pirate_hat"},{"predicate":{"custom_model_data":10027},"model":"hmccosmetics:item/shadow_dragon"},{"predicate":{"custom_model_data":10028},"model":"hmccosmetics:item/shadow_dragon_claw"},{"predicate":{"custom_model_data":10029},"model":"item/leather_horse_armor"}]}