{"parent":"item/generated","textures":{"layer0":"item/milk_bucket"},"overrides":[{"predicate":{"custom_model_data":1},"model":"littleroom_cookingpot:chocolate_milk"},{"predicate":{"custom_model_data":2},"model":"littleroom_cookingpot:berry_milk"},{"predicate":{"custom_model_data":10000},"model":"nlwar:ia_auto_gen/556_box"},{"predicate":{"custom_model_data":10001},"model":"nlwar:ia_auto_gen/762_box"},{"predicate":{"custom_model_data":10002},"model":"nlwar:ia_auto_gen/buckshot_box"},{"predicate":{"custom_model_data":10003},"model":"nlwar:ia_auto_gen/spas12_box"},{"predicate":{"custom_model_data":10004},"model":"nlwar:ia_auto_gen/m4a1s_burst_box"},{"predicate":{"custom_model_data":10005},"model":"item/milk_bucket"}]}