{"parent":"minecraft:item/generated","textures":{"layer0":"minecraft:item/paper"},"overrides":[{"predicate":{"custom_model_data":101},"model":"nlwar:ia_auto_gen/blank"},{"predicate":{"custom_model_data":102},"model":"nlwar:ia_auto_gen/cardboard"},{"predicate":{"custom_model_data":103},"model":"nlwar:ia_auto_gen/bioball_part"},{"predicate":{"custom_model_data":104},"model":"nlwar:ia_auto_gen/machine_base_kit"},{"predicate":{"custom_model_data":105},"model":"nlwar:ia_auto_gen/laser_furnace_kit"},{"predicate":{"custom_model_data":106},"model":"nlwar:items/kinetic_generator"},{"predicate":{"custom_model_data":107},"model":"nlwar:items/kinetic_generator"},{"predicate":{"custom_model_data":108},"model":"nlwar:items/kinetic_generator"},{"predicate":{"custom_model_data":109},"model":"nlwar:items/kinetic_generator"},{"predicate":{"custom_model_data":110},"model":"nlwar:items/kinetic_generator"},{"predicate":{"custom_model_data":111},"model":"nlwar:items/kinetic_generator"},{"predicate":{"custom_model_data":112},"model":"nlwar:items/kinetic_generator"},{"predicate":{"custom_model_data":113},"model":"nlwar:items/kinetic_generator"},{"predicate":{"custom_model_data":114},"model":"nlwar:items/kinetic_generator"},{"predicate":{"custom_model_data":115},"model":"nlwar:items/kinetic_generator"},{"predicate":{"custom_model_data":116},"model":"nlwar:items/kinetic_generator"},{"predicate":{"custom_model_data":117},"model":"nlwar:items/kinetic_generator"},{"predicate":{"custom_model_data":118},"model":"nlwar:items/kinetic_generator"},{"predicate":{"custom_model_data":119},"model":"nlwar:items/kinetic_generator"},{"predicate":{"custom_model_data":120},"model":"nlwar:items/kinetic_generator"},{"predicate":{"custom_model_data":121},"model":"nlwar:items/kinetic_generator"},{"predicate":{"custom_model_data":122},"model":"nlwar:items/kinetic_generator"},{"predicate":{"custom_model_data":123},"model":"nlwar:items/kinetic_generator"},{"predicate":{"custom_model_data":124},"model":"nlwar:items/kinetic_generator"},{"predicate":{"custom_model_data":125},"model":"nlwar:items/kinetic_generator"},{"predicate":{"custom_model_data":126},"model":"nlwar:items/kinetic_generator"},{"predicate":{"custom_model_data":127},"model":"nlwar:items/kinetic_generator"},{"predicate":{"custom_model_data":128},"model":"nlwar:items/kinetic_generator"},{"predicate":{"custom_model_data":129},"model":"nlwar:items/kinetic_generator"},{"predicate":{"custom_model_data":130},"model":"nlwar:items/kinetic_generator"},{"predicate":{"custom_model_data":131},"model":"nlwar:items/kinetic_generator"},{"predicate":{"custom_model_data":132},"model":"nlwar:items/kinetic_generator"},{"predicate":{"custom_model_data":133},"model":"nlwar:items/kinetic_generator"},{"predicate":{"custom_model_data":134},"model":"nlwar:items/kinetic_generator"},{"predicate":{"custom_model_data":135},"model":"nlwar:items/kinetic_generator"},{"predicate":{"custom_model_data":136},"model":"nlwar:items/kinetic_generator"},{"predicate":{"custom_model_data":137},"model":"nlwar:items/kinetic_generator"},{"predicate":{"custom_model_data":138},"model":"nlwar:items/kinetic_generator"},{"predicate":{"custom_model_data":139},"model":"nlwar:items/kinetic_generator"},{"predicate":{"custom_model_data":140},"model":"nlwar:items/kinetic_generator"},{"predicate":{"custom_model_data":141},"model":"nlwar:items/kinetic_generator"},{"predicate":{"custom_model_data":142},"model":"nlwar:items/kinetic_generator"},{"predicate":{"custom_model_data":143},"model":"nlwar:items/kinetic_generator"},{"predicate":{"custom_model_data":144},"model":"nlwar:items/kinetic_generator"},{"predicate":{"custom_model_data":145},"model":"nlwar:items/kinetic_generator"},{"predicate":{"custom_model_data":146},"model":"nlwar:items/kinetic_generator"},{"predicate":{"custom_model_data":147},"model":"nlwar:items/kinetic_generator"},{"predicate":{"custom_model_data":148},"model":"nlwar:items/kinetic_generator"},{"predicate":{"custom_model_data":149},"model":"nlwar:items/kinetic_generator"},{"predicate":{"custom_model_data":150},"model":"nlwar:items/kinetic_generator"},{"predicate":{"custom_model_data":151},"model":"nlwar:items/kinetic_generator"},{"predicate":{"custom_model_data":152},"model":"nlwar:items/kinetic_generator"},{"predicate":{"custom_model_data":153},"model":"nlwar:items/kinetic_generator"},{"predicate":{"custom_model_data":154},"model":"nlwar:items/kinetic_generator"},{"predicate":{"custom_model_data":155},"model":"nlwar:items/kinetic_generator"},{"predicate":{"custom_model_data":156},"model":"nlwar:items/kinetic_generator"},{"predicate":{"custom_model_data":157},"model":"nlwar:items/kinetic_generator"},{"predicate":{"custom_model_data":158},"model":"nlwar:items/kinetic_generator"},{"predicate":{"custom_model_data":159},"model":"nlwar:items/kinetic_generator"},{"predicate":{"custom_model_data":160},"model":"nlwar:items/kinetic_generator"},{"predicate":{"custom_model_data":161},"model":"nlwar:items/kinetic_generator"},{"predicate":{"custom_model_data":162},"model":"nlwar:items/kinetic_generator"},{"predicate":{"custom_model_data":163},"model":"nlwar:items/kinetic_generator"},{"predicate":{"custom_model_data":164},"model":"nlwar:items/kinetic_generator"},{"predicate":{"custom_model_data":165},"model":"nlwar:items/kinetic_generator"},{"predicate":{"custom_model_data":166},"model":"nlwar:items/kinetic_generator"},{"predicate":{"custom_model_data":167},"model":"nlwar:items/kinetic_generator"},{"predicate":{"custom_model_data":168},"model":"nlwar:items/kinetic_generator"},{"predicate":{"custom_model_data":169},"model":"nlwar:items/kinetic_generator"},{"predicate":{"custom_model_data":170},"model":"nlwar:items/kinetic_generator"},{"predicate":{"custom_model_data":171},"model":"nlwar:items/kinetic_generator"},{"predicate":{"custom_model_data":172},"model":"nlwar:items/kinetic_generator"},{"predicate":{"custom_model_data":173},"model":"nlwar:items/kinetic_generator"},{"predicate":{"custom_model_data":174},"model":"nlwar:items/kinetic_generator"},{"predicate":{"custom_model_data":175},"model":"nlwar:items/kinetic_generator"},{"predicate":{"custom_model_data":176},"model":"nlwar:items/kinetic_generator"},{"predicate":{"custom_model_data":177},"model":"nlwar:items/kinetic_generator"},{"predicate":{"custom_model_data":178},"model":"nlwar:items/kinetic_generator"},{"predicate":{"custom_model_data":179},"model":"nlwar:items/kinetic_generator"},{"predicate":{"custom_model_data":180},"model":"nlwar:items/kinetic_generator"},{"predicate":{"custom_model_data":181},"model":"nlwar:items/kinetic_generator"},{"predicate":{"custom_model_data":182},"model":"nlwar:items/kinetic_generator"},{"predicate":{"custom_model_data":183},"model":"nlwar:items/kinetic_generator"},{"predicate":{"custom_model_data":184},"model":"nlwar:items/kinetic_generator"},{"predicate":{"custom_model_data":185},"model":"nlwar:items/kinetic_generator"},{"predicate":{"custom_model_data":186},"model":"nlwar:items/kinetic_generator"},{"predicate":{"custom_model_data":187},"model":"nlwar:items/kinetic_generator"},{"predicate":{"custom_model_data":188},"model":"nlwar:items/kinetic_generator"},{"predicate":{"custom_model_data":189},"model":"nlwar:items/kinetic_generator"},{"predicate":{"custom_model_data":190},"model":"nlwar:items/kinetic_generator"},{"predicate":{"custom_model_data":191},"model":"nlwar:items/kinetic_generator"},{"predicate":{"custom_model_data":192},"model":"nlwar:items/kinetic_generator"},{"predicate":{"custom_model_data":193},"model":"nlwar:items/kinetic_generator"},{"predicate":{"custom_model_data":194},"model":"nlwar:items/kinetic_generator"},{"predicate":{"custom_model_data":195},"model":"nlwar:items/kinetic_generator"},{"predicate":{"custom_model_data":196},"model":"nlwar:items/kinetic_generator"},{"predicate":{"custom_model_data":197},"model":"nlwar:items/kinetic_generator"},{"predicate":{"custom_model_data":198},"model":"nlwar:items/kinetic_generator"},{"predicate":{"custom_model_data":199},"model":"nlwar:items/kinetic_generator"},{"predicate":{"custom_model_data":200},"model":"nlwar:items/kinetic_generator"},{"predicate":{"custom_model_data":201},"model":"nlwar:items/kinetic_generator"},{"predicate":{"custom_model_data":202},"model":"nlwar:items/kinetic_generator"},{"predicate":{"custom_model_data":203},"model":"nlwar:items/kinetic_generator"},{"predicate":{"custom_model_data":204},"model":"nlwar:items/kinetic_generator"},{"predicate":{"custom_model_data":205},"model":"nlwar:items/kinetic_generator"},{"predicate":{"custom_model_data":206},"model":"nlwar:ia_auto_gen/mixer"},{"predicate":{"custom_model_data":207},"model":"nlwar:ia_auto_gen/lead_block"},{"predicate":{"custom_model_data":208},"model":"nlwar:ia_auto_gen/steel_block"},{"predicate":{"custom_model_data":210},"model":"nlwar:ia_auto_gen/uranium_block"},{"predicate":{"custom_model_data":211},"model":"nlwar:ia_auto_gen/accum"},{"predicate":{"custom_model_data":212},"model":"nlwar:items/gun_crafter"},{"predicate":{"custom_model_data":214},"model":"nlwar:ia_auto_gen/uranium_block_x3"},{"predicate":{"custom_model_data":215},"model":"nlwar:items/lead_anvil"},{"predicate":{"custom_model_data":216},"model":"nlwar:ia_auto_gen/advanced_lense"},{"predicate":{"custom_model_data":217},"model":"nlwar:ia_auto_gen/advanced_scheme"},{"predicate":{"custom_model_data":218},"model":"nlwar:ia_auto_gen/diorite_cut"},{"predicate":{"custom_model_data":219},"model":"nlwar:ia_auto_gen/diorite_cut_basketweave"},{"predicate":{"custom_model_data":220},"model":"nlwar:ia_auto_gen/diorite_cut_bond"},{"predicate":{"custom_model_data":221},"model":"nlwar:ia_auto_gen/diorite_cut_brick"},{"predicate":{"custom_model_data":222},"model":"nlwar:ia_auto_gen/diorite_cut_herring"},{"predicate":{"custom_model_data":223},"model":"nlwar:ia_auto_gen/diorite_cut_polished"},{"predicate":{"custom_model_data":224},"model":"nlwar:ia_auto_gen/diorite_cut_square"},{"predicate":{"custom_model_data":225},"model":"nlwar:ia_auto_gen/diorite_cut_slab"},{"predicate":{"custom_model_data":226},"model":"nlwar:ia_auto_gen/diorite_cut_pillar"},{"predicate":{"custom_model_data":227},"model":"nlwar:ia_auto_gen/diorite_cut_pillar_x"},{"predicate":{"custom_model_data":228},"model":"nlwar:ia_auto_gen/diorite_cut_pillar_z"},{"predicate":{"custom_model_data":229},"model":"nlwar:ia_auto_gen/granite_cut"},{"predicate":{"custom_model_data":230},"model":"nlwar:ia_auto_gen/granite_cut_basketweave"},{"predicate":{"custom_model_data":231},"model":"nlwar:ia_auto_gen/granite_cut_bond"},{"predicate":{"custom_model_data":232},"model":"nlwar:ia_auto_gen/granite_cut_brick"},{"predicate":{"custom_model_data":233},"model":"nlwar:ia_auto_gen/granite_cut_herring"},{"predicate":{"custom_model_data":234},"model":"nlwar:ia_auto_gen/granite_cut_polished"},{"predicate":{"custom_model_data":235},"model":"nlwar:ia_auto_gen/granite_cut_square"},{"predicate":{"custom_model_data":236},"model":"nlwar:ia_auto_gen/granite_cut_slab"},{"predicate":{"custom_model_data":237},"model":"nlwar:ia_auto_gen/granite_cut_pillar"},{"predicate":{"custom_model_data":238},"model":"nlwar:ia_auto_gen/granite_cut_pillar_x"},{"predicate":{"custom_model_data":239},"model":"nlwar:ia_auto_gen/granite_cut_pillar_z"},{"predicate":{"custom_model_data":241},"model":"nlwar:ia_auto_gen/uranium_furnace_south"},{"predicate":{"custom_model_data":242},"model":"nlwar:ia_auto_gen/uranium_furnace_north"},{"predicate":{"custom_model_data":243},"model":"nlwar:ia_auto_gen/uranium_furnace_west"},{"predicate":{"custom_model_data":244},"model":"nlwar:ia_auto_gen/uranium_furnace_east"},{"predicate":{"custom_model_data":245},"model":"nlwar:ia_auto_gen/andesite_cut"},{"predicate":{"custom_model_data":246},"model":"nlwar:ia_auto_gen/andesite_cut_basketweave"},{"predicate":{"custom_model_data":247},"model":"nlwar:ia_auto_gen/andesite_cut_bond"},{"predicate":{"custom_model_data":248},"model":"nlwar:ia_auto_gen/andesite_cut_brick"},{"predicate":{"custom_model_data":249},"model":"nlwar:ia_auto_gen/andesite_cut_herring"},{"predicate":{"custom_model_data":250},"model":"nlwar:ia_auto_gen/andesite_cut_polished"},{"predicate":{"custom_model_data":251},"model":"nlwar:ia_auto_gen/andesite_cut_square"},{"predicate":{"custom_model_data":252},"model":"nlwar:ia_auto_gen/andesite_cut_slab"},{"predicate":{"custom_model_data":253},"model":"nlwar:ia_auto_gen/andesite_cut_pillar"},{"predicate":{"custom_model_data":254},"model":"nlwar:ia_auto_gen/andesite_cut_pillar_x"},{"predicate":{"custom_model_data":255},"model":"nlwar:ia_auto_gen/andesite_cut_pillar_z"},{"predicate":{"custom_model_data":256},"model":"hmccosmetics:item/boobs5"},{"predicate":{"custom_model_data":257},"model":"hmccosmetics:item/lantern_cosmetic"},{"predicate":{"custom_model_data":258},"model":"hmccosmetics:item/baseball_hat"},{"predicate":{"custom_model_data":259},"model":"hmccosmetics:ia_auto_gen/hmccosmetics_icon"},{"predicate":{"custom_model_data":260},"model":"hmccosmetics:ia_auto_gen/arrow_back"},{"predicate":{"custom_model_data":261},"model":"hmccosmetics:ia_auto_gen/arrow_next"},{"predicate":{"custom_model_data":262},"model":"hmccosmetics:item/mask"},{"predicate":{"custom_model_data":263},"model":"hmccosmetics:item/future_wings"},{"predicate":{"custom_model_data":264},"model":"hmccosmetics:item/future_wings_thirdperson"},{"predicate":{"custom_model_data":265},"model":"hmccosmetics:item/frog_hat"},{"predicate":{"custom_model_data":266},"model":"hmccosmetics:item/jetpack"},{"predicate":{"custom_model_data":267},"model":"hmccosmetics:item/hammer"},{"predicate":{"custom_model_data":268},"model":"hmccosmetics:item/garbage_truck_balloon_item"},{"predicate":{"custom_model_data":269},"model":"hmccosmetics:item/jetpack_thirdperson"},{"predicate":{"custom_model_data":270},"model":"hmccosmetics:item/hibiscus_flower"},{"predicate":{"custom_model_data":271},"model":"nlwar:ia_auto_gen/autofarm_tree"},{"predicate":{"custom_model_data":272},"model":"nlwar:ia_auto_gen/basic_porb_kit"},{"predicate":{"custom_model_data":273},"model":"nlwar:ia_auto_gen/rush_basic_porb_kit"},{"predicate":{"custom_model_data":274},"model":"nlwar:ia_auto_gen/miner_basic_porb_kit"},{"predicate":{"custom_model_data":275},"model":"nlwar:ia_auto_gen/advanced_porb_kit"},{"predicate":{"custom_model_data":276},"model":"nlwar:ia_auto_gen/rush_advanced_porb_kit"},{"predicate":{"custom_model_data":277},"model":"nlwar:ia_auto_gen/miner_advanced_porb_kit"},{"predicate":{"custom_model_data":278},"model":"nlwar:items/electro_brewery"},{"predicate":{"custom_model_data":279},"model":"nlwar:ia_auto_gen/sintezator_s"},{"predicate":{"custom_model_data":280},"model":"nlwar:ia_auto_gen/sintezator_n"},{"predicate":{"custom_model_data":281},"model":"nlwar:ia_auto_gen/sintezator_e"},{"predicate":{"custom_model_data":282},"model":"nlwar:ia_auto_gen/sintezator_w"},{"predicate":{"custom_model_data":283},"model":"nlwar:ia_auto_gen/util_s"},{"predicate":{"custom_model_data":284},"model":"nlwar:ia_auto_gen/util_n"},{"predicate":{"custom_model_data":285},"model":"nlwar:ia_auto_gen/util_e"},{"predicate":{"custom_model_data":286},"model":"nlwar:ia_auto_gen/util_w"},{"predicate":{"custom_model_data":287},"model":"nlwar:ia_auto_gen/materia"},{"predicate":{"custom_model_data":288},"model":"nlwar:items/solar_panel_1"},{"predicate":{"custom_model_data":289},"model":"nlwar:items/solar_panel_2"},{"predicate":{"custom_model_data":290},"model":"nlwar:items/solar_panel_3"},{"predicate":{"custom_model_data":291},"model":"nlwar:ia_auto_gen/autofarm_culture"},{"predicate":{"custom_model_data":292},"model":"vanillamcuis:ia_auto_gen/furnace_fire_animated"},{"predicate":{"custom_model_data":293},"model":"vanillamcuis:ia_auto_gen/furnace_fire_1"},{"predicate":{"custom_model_data":294},"model":"vanillamcuis:ia_auto_gen/furnace_fire_2"},{"predicate":{"custom_model_data":295},"model":"vanillamcuis:ia_auto_gen/furnace_fire_3"},{"predicate":{"custom_model_data":296},"model":"vanillamcuis:ia_auto_gen/furnace_fire_4"},{"predicate":{"custom_model_data":297},"model":"vanillamcuis:ia_auto_gen/furnace_fire_5"},{"predicate":{"custom_model_data":298},"model":"vanillamcuis:ia_auto_gen/furnace_fire_6"},{"predicate":{"custom_model_data":299},"model":"vanillamcuis:ia_auto_gen/furnace_fire_7"},{"predicate":{"custom_model_data":300},"model":"vanillamcuis:ia_auto_gen/furnace_fire_8"},{"predicate":{"custom_model_data":301},"model":"vanillamcuis:ia_auto_gen/furnace_fire_9"},{"predicate":{"custom_model_data":302},"model":"vanillamcuis:ia_auto_gen/furnace_fire_10"},{"predicate":{"custom_model_data":303},"model":"vanillamcuis:ia_auto_gen/furnace_fire_11"},{"predicate":{"custom_model_data":304},"model":"vanillamcuis:ia_auto_gen/furnace_fire_12"},{"predicate":{"custom_model_data":305},"model":"vanillamcuis:ia_auto_gen/furnace_fire_13"},{"predicate":{"custom_model_data":306},"model":"vanillamcuis:item/furnace/cooking_progress_animated"},{"predicate":{"custom_model_data":307},"model":"vanillamcuis:item/furnace/cooking_progress_1"},{"predicate":{"custom_model_data":308},"model":"vanillamcuis:item/furnace/cooking_progress_2"},{"predicate":{"custom_model_data":309},"model":"vanillamcuis:item/furnace/cooking_progress_3"},{"predicate":{"custom_model_data":310},"model":"vanillamcuis:item/furnace/cooking_progress_4"},{"predicate":{"custom_model_data":311},"model":"vanillamcuis:item/furnace/cooking_progress_5"},{"predicate":{"custom_model_data":312},"model":"vanillamcuis:item/furnace/cooking_progress_6"},{"predicate":{"custom_model_data":313},"model":"vanillamcuis:item/furnace/cooking_progress_7"},{"predicate":{"custom_model_data":314},"model":"vanillamcuis:item/furnace/cooking_progress_8"},{"predicate":{"custom_model_data":315},"model":"vanillamcuis:item/furnace/cooking_progress_9"},{"predicate":{"custom_model_data":316},"model":"vanillamcuis:item/furnace/cooking_progress_10"},{"predicate":{"custom_model_data":317},"model":"vanillamcuis:item/furnace/cooking_progress_11"},{"predicate":{"custom_model_data":318},"model":"vanillamcuis:item/furnace/cooking_progress_12"},{"predicate":{"custom_model_data":319},"model":"vanillamcuis:item/furnace/cooking_progress_13"},{"predicate":{"custom_model_data":320},"model":"vanillamcuis:item/furnace/cooking_progress_14"},{"predicate":{"custom_model_data":321},"model":"vanillamcuis:item/furnace/cooking_progress_15"},{"predicate":{"custom_model_data":322},"model":"vanillamcuis:item/furnace/cooking_progress_16"},{"predicate":{"custom_model_data":323},"model":"vanillamcuis:item/furnace/cooking_progress_17"},{"predicate":{"custom_model_data":324},"model":"vanillamcuis:item/furnace/cooking_progress_18"},{"predicate":{"custom_model_data":325},"model":"vanillamcuis:item/furnace/cooking_progress_19"},{"predicate":{"custom_model_data":326},"model":"vanillamcuis:item/furnace/cooking_progress_20"},{"predicate":{"custom_model_data":327},"model":"vanillamcuis:ia_auto_gen/smithing_ingot_slot"},{"predicate":{"custom_model_data":328},"model":"vanillamcuis:ia_auto_gen/smithing_empty_slot_armor"},{"predicate":{"custom_model_data":329},"model":"vanillamcuis:ia_auto_gen/smithing_empty_slot_material"},{"predicate":{"custom_model_data":330},"model":"vanillamcuis:ia_auto_gen/smithing_empty_slot_smithing_template"},{"predicate":{"custom_model_data":331},"model":"vanillamcuis:ia_auto_gen/smithing_empty_slot_upgrade"},{"predicate":{"custom_model_data":332},"model":"vanillamcuis:item/anvil/slot_active_left"},{"predicate":{"custom_model_data":333},"model":"vanillamcuis:item/anvil/slot_active_middle"},{"predicate":{"custom_model_data":334},"model":"vanillamcuis:item/anvil/slot_active_right"},{"predicate":{"custom_model_data":335},"model":"vanillamcuis:item/anvil/slot_inactive_left"},{"predicate":{"custom_model_data":336},"model":"vanillamcuis:item/anvil/slot_inactive_middle"},{"predicate":{"custom_model_data":337},"model":"vanillamcuis:item/anvil/slot_inactive_right"},{"predicate":{"custom_model_data":338},"model":"vanillamcuis:ia_auto_gen/brewing_blaze_powder_slot"},{"predicate":{"custom_model_data":339},"model":"vanillamcuis:ia_auto_gen/brewing_bottle_slot"},{"predicate":{"custom_model_data":340},"model":"vanillamcuis:ia_auto_gen/brewing_bubbles_animated"},{"predicate":{"custom_model_data":341},"model":"vanillamcuis:ia_auto_gen/brewing_bubbles_1"},{"predicate":{"custom_model_data":342},"model":"vanillamcuis:ia_auto_gen/brewing_bubbles_2"},{"predicate":{"custom_model_data":343},"model":"vanillamcuis:ia_auto_gen/brewing_bubbles_3"},{"predicate":{"custom_model_data":344},"model":"vanillamcuis:ia_auto_gen/brewing_bubbles_4"},{"predicate":{"custom_model_data":345},"model":"vanillamcuis:ia_auto_gen/brewing_bubbles_5"},{"predicate":{"custom_model_data":346},"model":"vanillamcuis:ia_auto_gen/brewing_bubbles_6"},{"predicate":{"custom_model_data":347},"model":"vanillamcuis:ia_auto_gen/brewing_fuel_animated"},{"predicate":{"custom_model_data":348},"model":"vanillamcuis:ia_auto_gen/brewing_fuel_1"},{"predicate":{"custom_model_data":349},"model":"vanillamcuis:ia_auto_gen/brewing_fuel_2"},{"predicate":{"custom_model_data":350},"model":"vanillamcuis:ia_auto_gen/brewing_fuel_3"},{"predicate":{"custom_model_data":351},"model":"vanillamcuis:ia_auto_gen/brewing_fuel_4"},{"predicate":{"custom_model_data":352},"model":"vanillamcuis:ia_auto_gen/brewing_fuel_5"},{"predicate":{"custom_model_data":353},"model":"vanillamcuis:ia_auto_gen/brewing_fuel_6"},{"predicate":{"custom_model_data":354},"model":"vanillamcuis:ia_auto_gen/brewing_fuel_7"},{"predicate":{"custom_model_data":355},"model":"vanillamcuis:ia_auto_gen/brewing_fuel_8"},{"predicate":{"custom_model_data":356},"model":"vanillamcuis:ia_auto_gen/brewing_fuel_9"},{"predicate":{"custom_model_data":357},"model":"vanillamcuis:ia_auto_gen/brewing_fuel_10"},{"predicate":{"custom_model_data":358},"model":"vanillamcuis:ia_auto_gen/brewing_fuel_11"},{"predicate":{"custom_model_data":359},"model":"vanillamcuis:ia_auto_gen/brewing_fuel_12"},{"predicate":{"custom_model_data":360},"model":"vanillamcuis:ia_auto_gen/brewing_fuel_13"},{"predicate":{"custom_model_data":361},"model":"vanillamcuis:ia_auto_gen/brewing_fuel_14"},{"predicate":{"custom_model_data":362},"model":"vanillamcuis:item/brewing_stand/brewing_progress_animated"},{"predicate":{"custom_model_data":363},"model":"vanillamcuis:item/brewing_stand/brewing_progress_1"},{"predicate":{"custom_model_data":364},"model":"vanillamcuis:item/brewing_stand/brewing_progress_2"},{"predicate":{"custom_model_data":365},"model":"vanillamcuis:item/brewing_stand/brewing_progress_3"},{"predicate":{"custom_model_data":366},"model":"vanillamcuis:item/brewing_stand/brewing_progress_4"},{"predicate":{"custom_model_data":367},"model":"vanillamcuis:item/brewing_stand/brewing_progress_5"},{"predicate":{"custom_model_data":368},"model":"vanillamcuis:item/brewing_stand/brewing_progress_6"},{"predicate":{"custom_model_data":369},"model":"vanillamcuis:item/brewing_stand/brewing_progress_7"},{"predicate":{"custom_model_data":370},"model":"vanillamcuis:item/brewing_stand/brewing_progress_8"},{"predicate":{"custom_model_data":371},"model":"vanillamcuis:item/brewing_stand/brewing_progress_9"},{"predicate":{"custom_model_data":372},"model":"vanillamcuis:item/brewing_stand/brewing_progress_10"},{"predicate":{"custom_model_data":373},"model":"vanillamcuis:item/brewing_stand/brewing_progress_11"},{"predicate":{"custom_model_data":374},"model":"vanillamcuis:item/brewing_stand/brewing_progress_12"},{"predicate":{"custom_model_data":375},"model":"vanillamcuis:item/brewing_stand/brewing_progress_13"},{"predicate":{"custom_model_data":376},"model":"vanillamcuis:item/brewing_stand/brewing_progress_14"},{"predicate":{"custom_model_data":377},"model":"vanillamcuis:item/brewing_stand/brewing_progress_15"},{"predicate":{"custom_model_data":378},"model":"vanillamcuis:item/brewing_stand/brewing_progress_16"},{"predicate":{"custom_model_data":379},"model":"vanillamcuis:item/brewing_stand/brewing_progress_17"},{"predicate":{"custom_model_data":380},"model":"vanillamcuis:item/brewing_stand/brewing_progress_18"},{"predicate":{"custom_model_data":381},"model":"vanillamcuis:item/brewing_stand/brewing_progress_19"},{"predicate":{"custom_model_data":382},"model":"vanillamcuis:item/brewing_stand/brewing_progress_20"},{"predicate":{"custom_model_data":383},"model":"vanillamcuis:item/stonecutter/slot_active"},{"predicate":{"custom_model_data":384},"model":"vanillamcuis:item/stonecutter/slot_hover"},{"predicate":{"custom_model_data":385},"model":"vanillamcuis:item/stonecutter/slot_selected"},{"predicate":{"custom_model_data":386},"model":"vanillamcuis:ia_auto_gen/loom_banner_slot"},{"predicate":{"custom_model_data":387},"model":"vanillamcuis:ia_auto_gen/loom_color_slot"},{"predicate":{"custom_model_data":388},"model":"vanillamcuis:ia_auto_gen/loom_pattern_slot"},{"predicate":{"custom_model_data":389},"model":"vanillamcuis:item/loom/loom_pattern_border"},{"predicate":{"custom_model_data":390},"model":"vanillamcuis:item/loom/loom_pattern_bottom_third"},{"predicate":{"custom_model_data":391},"model":"vanillamcuis:item/loom/loom_pattern_brickwall"},{"predicate":{"custom_model_data":392},"model":"vanillamcuis:item/loom/loom_pattern_center_line"},{"predicate":{"custom_model_data":393},"model":"vanillamcuis:item/loom/loom_pattern_center_third"},{"predicate":{"custom_model_data":394},"model":"vanillamcuis:item/loom/loom_pattern_creeper"},{"predicate":{"custom_model_data":395},"model":"vanillamcuis:item/loom/loom_pattern_cross"},{"predicate":{"custom_model_data":396},"model":"vanillamcuis:item/loom/loom_pattern_diagonal_filled_bl"},{"predicate":{"custom_model_data":397},"model":"vanillamcuis:item/loom/loom_pattern_diagonal_filled_br"},{"predicate":{"custom_model_data":398},"model":"vanillamcuis:item/loom/loom_pattern_diagonal_filled_tl"},{"predicate":{"custom_model_data":399},"model":"vanillamcuis:item/loom/loom_pattern_diagonal_filled_tr"},{"predicate":{"custom_model_data":400},"model":"vanillamcuis:item/loom/loom_pattern_diagonal_tlbr"},{"predicate":{"custom_model_data":401},"model":"vanillamcuis:item/loom/loom_pattern_diagonal_trbl"},{"predicate":{"custom_model_data":402},"model":"vanillamcuis:item/loom/loom_pattern_dot"},{"predicate":{"custom_model_data":403},"model":"vanillamcuis:item/loom/loom_pattern_flower"},{"predicate":{"custom_model_data":404},"model":"vanillamcuis:item/loom/loom_pattern_globe"},{"predicate":{"custom_model_data":405},"model":"vanillamcuis:item/loom/loom_pattern_gradient_bt"},{"predicate":{"custom_model_data":406},"model":"vanillamcuis:item/loom/loom_pattern_gradient_tb"},{"predicate":{"custom_model_data":407},"model":"vanillamcuis:item/loom/loom_pattern_half_bottom"},{"predicate":{"custom_model_data":408},"model":"vanillamcuis:item/loom/loom_pattern_half_top"},{"predicate":{"custom_model_data":409},"model":"vanillamcuis:item/loom/loom_pattern_left_third"},{"predicate":{"custom_model_data":410},"model":"vanillamcuis:item/loom/loom_pattern_lines_vertical"},{"predicate":{"custom_model_data":411},"model":"vanillamcuis:item/loom/loom_pattern_mojang"},{"predicate":{"custom_model_data":412},"model":"vanillamcuis:item/loom/loom_pattern_pig_nose"},{"predicate":{"custom_model_data":413},"model":"vanillamcuis:item/loom/loom_pattern_rhombus"},{"predicate":{"custom_model_data":414},"model":"vanillamcuis:item/loom/loom_pattern_right_third"},{"predicate":{"custom_model_data":415},"model":"vanillamcuis:item/loom/loom_pattern_skull"},{"predicate":{"custom_model_data":416},"model":"vanillamcuis:item/loom/loom_pattern_spiked_border"},{"predicate":{"custom_model_data":417},"model":"vanillamcuis:item/loom/loom_pattern_spikes_bottom"},{"predicate":{"custom_model_data":418},"model":"vanillamcuis:item/loom/loom_pattern_spikes_top"},{"predicate":{"custom_model_data":419},"model":"vanillamcuis:item/loom/loom_pattern_square_bottom_left"},{"predicate":{"custom_model_data":420},"model":"vanillamcuis:item/loom/loom_pattern_square_bottom_right"},{"predicate":{"custom_model_data":421},"model":"vanillamcuis:item/loom/loom_pattern_square_left"},{"predicate":{"custom_model_data":422},"model":"vanillamcuis:item/loom/loom_pattern_square_right"},{"predicate":{"custom_model_data":423},"model":"vanillamcuis:item/loom/loom_pattern_square_top_left"},{"predicate":{"custom_model_data":424},"model":"vanillamcuis:item/loom/loom_pattern_square_top_right"},{"predicate":{"custom_model_data":425},"model":"vanillamcuis:item/loom/loom_pattern_top_third"},{"predicate":{"custom_model_data":426},"model":"vanillamcuis:item/loom/loom_pattern_triangle_bottom"},{"predicate":{"custom_model_data":427},"model":"vanillamcuis:item/loom/loom_pattern_triangle_top"},{"predicate":{"custom_model_data":428},"model":"vanillamcuis:item/loom/loom_pattern_x"},{"predicate":{"custom_model_data":429},"model":"vanillamcuis:item/loom/loom_pattern_border_selected"},{"predicate":{"custom_model_data":430},"model":"vanillamcuis:item/loom/loom_pattern_bottom_third_selected"},{"predicate":{"custom_model_data":431},"model":"vanillamcuis:item/loom/loom_pattern_brickwall_selected"},{"predicate":{"custom_model_data":432},"model":"vanillamcuis:item/loom/loom_pattern_center_line_selected"},{"predicate":{"custom_model_data":433},"model":"vanillamcuis:item/loom/loom_pattern_center_third_selected"},{"predicate":{"custom_model_data":434},"model":"vanillamcuis:item/loom/loom_pattern_creeper_selected"},{"predicate":{"custom_model_data":435},"model":"vanillamcuis:item/loom/loom_pattern_cross_selected"},{"predicate":{"custom_model_data":436},"model":"vanillamcuis:item/loom/loom_pattern_diagonal_filled_bl_selected"},{"predicate":{"custom_model_data":437},"model":"vanillamcuis:item/loom/loom_pattern_diagonal_filled_br_selected"},{"predicate":{"custom_model_data":438},"model":"vanillamcuis:item/loom/loom_pattern_diagonal_filled_tl_selected"},{"predicate":{"custom_model_data":439},"model":"vanillamcuis:item/loom/loom_pattern_diagonal_filled_tr_selected"},{"predicate":{"custom_model_data":440},"model":"vanillamcuis:item/loom/loom_pattern_diagonal_tlbr_selected"},{"predicate":{"custom_model_data":441},"model":"vanillamcuis:item/loom/loom_pattern_diagonal_trbl_selected"},{"predicate":{"custom_model_data":442},"model":"vanillamcuis:item/loom/loom_pattern_dot_selected"},{"predicate":{"custom_model_data":443},"model":"vanillamcuis:item/loom/loom_pattern_flower_selected"},{"predicate":{"custom_model_data":444},"model":"vanillamcuis:item/loom/loom_pattern_globe_selected"},{"predicate":{"custom_model_data":445},"model":"vanillamcuis:item/loom/loom_pattern_gradient_bt_selected"},{"predicate":{"custom_model_data":446},"model":"vanillamcuis:item/loom/loom_pattern_gradient_tb_selected"},{"predicate":{"custom_model_data":447},"model":"vanillamcuis:item/loom/loom_pattern_half_bottom_selected"},{"predicate":{"custom_model_data":448},"model":"vanillamcuis:item/loom/loom_pattern_half_top_selected"},{"predicate":{"custom_model_data":449},"model":"vanillamcuis:item/loom/loom_pattern_left_third_selected"},{"predicate":{"custom_model_data":450},"model":"vanillamcuis:item/loom/loom_pattern_lines_vertical_selected"},{"predicate":{"custom_model_data":451},"model":"vanillamcuis:item/loom/loom_pattern_mojang_selected"},{"predicate":{"custom_model_data":452},"model":"vanillamcuis:item/loom/loom_pattern_pig_nose_selected"},{"predicate":{"custom_model_data":453},"model":"vanillamcuis:item/loom/loom_pattern_rhombus_selected"},{"predicate":{"custom_model_data":454},"model":"vanillamcuis:item/loom/loom_pattern_right_third_selected"},{"predicate":{"custom_model_data":455},"model":"vanillamcuis:item/loom/loom_pattern_skull_selected"},{"predicate":{"custom_model_data":456},"model":"vanillamcuis:item/loom/loom_pattern_spiked_border_selected"},{"predicate":{"custom_model_data":457},"model":"vanillamcuis:item/loom/loom_pattern_spikes_bottom_selected"},{"predicate":{"custom_model_data":458},"model":"vanillamcuis:item/loom/loom_pattern_spikes_top_selected"},{"predicate":{"custom_model_data":459},"model":"vanillamcuis:item/loom/loom_pattern_square_bottom_left_selected"},{"predicate":{"custom_model_data":460},"model":"vanillamcuis:item/loom/loom_pattern_square_bottom_right_selected"},{"predicate":{"custom_model_data":461},"model":"vanillamcuis:item/loom/loom_pattern_square_left_selected"},{"predicate":{"custom_model_data":462},"model":"vanillamcuis:item/loom/loom_pattern_square_right_selected"},{"predicate":{"custom_model_data":463},"model":"vanillamcuis:item/loom/loom_pattern_square_top_left_selected"},{"predicate":{"custom_model_data":464},"model":"vanillamcuis:item/loom/loom_pattern_square_top_right_selected"},{"predicate":{"custom_model_data":465},"model":"vanillamcuis:item/loom/loom_pattern_top_third_selected"},{"predicate":{"custom_model_data":466},"model":"vanillamcuis:item/loom/loom_pattern_triangle_bottom_selected"},{"predicate":{"custom_model_data":467},"model":"vanillamcuis:item/loom/loom_pattern_triangle_top_selected"},{"predicate":{"custom_model_data":468},"model":"vanillamcuis:item/loom/loom_pattern_x_selected"},{"predicate":{"custom_model_data":469},"model":"vanillamcuis:ia_auto_gen/enchanting_lapis_lazuli_slot"},{"predicate":{"custom_model_data":470},"model":"vanillamcuis:item/enchanting_table/slot_active_left_1"},{"predicate":{"custom_model_data":471},"model":"vanillamcuis:item/enchanting_table/slot_active_left_2"},{"predicate":{"custom_model_data":472},"model":"vanillamcuis:item/enchanting_table/slot_active_left_3"},{"predicate":{"custom_model_data":473},"model":"vanillamcuis:item/enchanting_table/slot_active_middle"},{"predicate":{"custom_model_data":474},"model":"vanillamcuis:item/enchanting_table/slot_active_right"},{"predicate":{"custom_model_data":475},"model":"vanillamcuis:item/enchanting_table/slot_hover_left_1"},{"predicate":{"custom_model_data":476},"model":"vanillamcuis:item/enchanting_table/slot_hover_left_2"},{"predicate":{"custom_model_data":477},"model":"vanillamcuis:item/enchanting_table/slot_hover_left_3"},{"predicate":{"custom_model_data":478},"model":"vanillamcuis:item/enchanting_table/slot_hover_middle"},{"predicate":{"custom_model_data":479},"model":"vanillamcuis:item/enchanting_table/slot_hover_right"},{"predicate":{"custom_model_data":480},"model":"vanillamcuis:ia_auto_gen/enchanting_xp_inactive_1"},{"predicate":{"custom_model_data":481},"model":"vanillamcuis:ia_auto_gen/enchanting_xp_inactive_2"},{"predicate":{"custom_model_data":482},"model":"vanillamcuis:ia_auto_gen/enchanting_xp_inactive_3"},{"predicate":{"custom_model_data":483},"model":"vanillamcuis:item/enchanting_table/text/text_air"},{"predicate":{"custom_model_data":484},"model":"vanillamcuis:item/enchanting_table/text/text_ball"},{"predicate":{"custom_model_data":485},"model":"vanillamcuis:item/enchanting_table/text/text_demon"},{"predicate":{"custom_model_data":486},"model":"vanillamcuis:item/enchanting_table/text/text_dry"},{"predicate":{"custom_model_data":487},"model":"vanillamcuis:item/enchanting_table/text/text_hot"},{"predicate":{"custom_model_data":488},"model":"vanillamcuis:item/enchanting_table/text/text_light"},{"predicate":{"custom_model_data":489},"model":"vanillamcuis:item/enchanting_table/text/text_of"},{"predicate":{"custom_model_data":490},"model":"vanillamcuis:item/enchanting_table/text/text_sphere"},{"predicate":{"custom_model_data":491},"model":"vanillamcuis:item/enchanting_table/text/text_wet"},{"predicate":{"custom_model_data":492},"model":"vanillamcuis:item/enchanting_table/text/text_xyzzy"},{"predicate":{"custom_model_data":493},"model":"vanillamcuis:item/enchanting_table/text/text_air_hover"},{"predicate":{"custom_model_data":494},"model":"vanillamcuis:item/enchanting_table/text/text_ball_hover"},{"predicate":{"custom_model_data":495},"model":"vanillamcuis:item/enchanting_table/text/text_demon_hover"},{"predicate":{"custom_model_data":496},"model":"vanillamcuis:item/enchanting_table/text/text_dry_hover"},{"predicate":{"custom_model_data":497},"model":"vanillamcuis:item/enchanting_table/text/text_hot_hover"},{"predicate":{"custom_model_data":498},"model":"vanillamcuis:item/enchanting_table/text/text_light_hover"},{"predicate":{"custom_model_data":499},"model":"vanillamcuis:item/enchanting_table/text/text_of_hover"},{"predicate":{"custom_model_data":500},"model":"vanillamcuis:item/enchanting_table/text/text_sphere_hover"},{"predicate":{"custom_model_data":501},"model":"vanillamcuis:item/enchanting_table/text/text_wet_hover"},{"predicate":{"custom_model_data":502},"model":"vanillamcuis:item/enchanting_table/text/text_xyzzy_hover"},{"predicate":{"custom_model_data":503},"model":"vanillamcuis:item/enchanting_table/text/text_air_inactive"},{"predicate":{"custom_model_data":504},"model":"vanillamcuis:item/enchanting_table/text/text_ball_inactive"},{"predicate":{"custom_model_data":505},"model":"vanillamcuis:item/enchanting_table/text/text_demon_inactive"},{"predicate":{"custom_model_data":506},"model":"vanillamcuis:item/enchanting_table/text/text_dry_inactive"},{"predicate":{"custom_model_data":507},"model":"vanillamcuis:item/enchanting_table/text/text_hot_inactive"},{"predicate":{"custom_model_data":508},"model":"vanillamcuis:item/enchanting_table/text/text_light_inactive"},{"predicate":{"custom_model_data":509},"model":"vanillamcuis:item/enchanting_table/text/text_of_inactive"},{"predicate":{"custom_model_data":510},"model":"vanillamcuis:item/enchanting_table/text/text_sphere_inactive"},{"predicate":{"custom_model_data":511},"model":"vanillamcuis:item/enchanting_table/text/text_wet_inactive"},{"predicate":{"custom_model_data":512},"model":"vanillamcuis:item/enchanting_table/text/text_xyzzy_inactive"},{"predicate":{"custom_model_data":513},"model":"vanillamcuis:item/misc/blocked"},{"predicate":{"custom_model_data":514},"model":"vanillamcuis:ia_auto_gen/category_all"},{"predicate":{"custom_model_data":515},"model":"vanillamcuis:ia_auto_gen/category_anvil"},{"predicate":{"custom_model_data":516},"model":"vanillamcuis:ia_auto_gen/category_brewing_stand"},{"predicate":{"custom_model_data":517},"model":"vanillamcuis:ia_auto_gen/category_enchanting_table"},{"predicate":{"custom_model_data":518},"model":"vanillamcuis:ia_auto_gen/category_furnace"},{"predicate":{"custom_model_data":519},"model":"vanillamcuis:ia_auto_gen/category_loom"},{"predicate":{"custom_model_data":520},"model":"vanillamcuis:ia_auto_gen/category_misc"},{"predicate":{"custom_model_data":521},"model":"vanillamcuis:ia_auto_gen/category_smithing"},{"predicate":{"custom_model_data":522},"model":"vanillamcuis:ia_auto_gen/category_stonecutter"},{"predicate":{"custom_model_data":523},"model":"vanillamcuis:ia_auto_gen/slider_active_left"},{"predicate":{"custom_model_data":524},"model":"vanillamcuis:ia_auto_gen/slider_inactive_left"},{"predicate":{"custom_model_data":525},"model":"vanillamcuis:ia_auto_gen/slider_active_right"},{"predicate":{"custom_model_data":526},"model":"vanillamcuis:ia_auto_gen/slider_inactive_right"},{"predicate":{"custom_model_data":527},"model":"vanillamcuis:ia_auto_gen/small_arrow_down_left"},{"predicate":{"custom_model_data":528},"model":"vanillamcuis:ia_auto_gen/small_arrow_down_right"},{"predicate":{"custom_model_data":529},"model":"vanillamcuis:ia_auto_gen/small_arrow_up_left"},{"predicate":{"custom_model_data":530},"model":"vanillamcuis:ia_auto_gen/small_arrow_up_right"},{"predicate":{"custom_model_data":531},"model":"vanillamcuis:ia_auto_gen/blank_slot"},{"predicate":{"custom_model_data":532},"model":"nlwar:ia_auto_gen/broken_scheme"},{"predicate":{"custom_model_data":533},"model":"bf_compressed:ia_auto_gen/dirt_1x"},{"predicate":{"custom_model_data":534},"model":"bf_compressed:ia_auto_gen/dirt_2x"},{"predicate":{"custom_model_data":535},"model":"bf_compressed:ia_auto_gen/dirt_3x"},{"predicate":{"custom_model_data":536},"model":"bf_compressed:ia_auto_gen/dirt_4x"},{"predicate":{"custom_model_data":537},"model":"bf_compressed:ia_auto_gen/dirt_5x"},{"predicate":{"custom_model_data":538},"model":"bf_compressed:ia_auto_gen/dirt_6x"},{"predicate":{"custom_model_data":539},"model":"bf_compressed:ia_auto_gen/dirt_7x"},{"predicate":{"custom_model_data":540},"model":"bf_compressed:ia_auto_gen/dirt_8x"},{"predicate":{"custom_model_data":541},"model":"bf_compressed:ia_auto_gen/dirt_9x"},{"predicate":{"custom_model_data":542},"model":"bf_compressed:ia_auto_gen/coal_block_1x"},{"predicate":{"custom_model_data":543},"model":"bf_compressed:ia_auto_gen/coal_block_2x"},{"predicate":{"custom_model_data":544},"model":"bf_compressed:ia_auto_gen/coal_block_3x"},{"predicate":{"custom_model_data":545},"model":"bf_compressed:ia_auto_gen/coal_block_4x"},{"predicate":{"custom_model_data":546},"model":"bf_compressed:ia_auto_gen/coal_block_5x"},{"predicate":{"custom_model_data":547},"model":"bf_compressed:ia_auto_gen/coal_block_6x"},{"predicate":{"custom_model_data":548},"model":"bf_compressed:ia_auto_gen/coal_block_7x"},{"predicate":{"custom_model_data":549},"model":"bf_compressed:ia_auto_gen/coal_block_8x"},{"predicate":{"custom_model_data":550},"model":"bf_compressed:ia_auto_gen/coal_block_9x"},{"predicate":{"custom_model_data":551},"model":"bf_compressed:ia_auto_gen/lead_block_1x"},{"predicate":{"custom_model_data":552},"model":"bf_compressed:ia_auto_gen/lead_block_2x"},{"predicate":{"custom_model_data":553},"model":"bf_compressed:ia_auto_gen/lead_block_3x"},{"predicate":{"custom_model_data":554},"model":"bf_compressed:ia_auto_gen/lead_block_4x"},{"predicate":{"custom_model_data":555},"model":"bf_compressed:ia_auto_gen/lead_block_5x"},{"predicate":{"custom_model_data":556},"model":"bf_compressed:ia_auto_gen/lead_block_6x"},{"predicate":{"custom_model_data":557},"model":"bf_compressed:ia_auto_gen/lead_block_7x"},{"predicate":{"custom_model_data":558},"model":"bf_compressed:ia_auto_gen/lead_block_8x"},{"predicate":{"custom_model_data":559},"model":"bf_compressed:ia_auto_gen/lead_block_9x"},{"predicate":{"custom_model_data":560},"model":"bf_compressed:ia_auto_gen/copper_block_1x"},{"predicate":{"custom_model_data":561},"model":"bf_compressed:ia_auto_gen/copper_block_2x"},{"predicate":{"custom_model_data":562},"model":"bf_compressed:ia_auto_gen/copper_block_3x"},{"predicate":{"custom_model_data":563},"model":"bf_compressed:ia_auto_gen/copper_block_4x"},{"predicate":{"custom_model_data":564},"model":"bf_compressed:ia_auto_gen/copper_block_5x"},{"predicate":{"custom_model_data":565},"model":"bf_compressed:ia_auto_gen/copper_block_6x"},{"predicate":{"custom_model_data":566},"model":"bf_compressed:ia_auto_gen/copper_block_7x"},{"predicate":{"custom_model_data":567},"model":"bf_compressed:ia_auto_gen/copper_block_8x"},{"predicate":{"custom_model_data":568},"model":"bf_compressed:ia_auto_gen/copper_block_9x"},{"predicate":{"custom_model_data":569},"model":"bf_compressed:ia_auto_gen/diamond_block_1x"},{"predicate":{"custom_model_data":570},"model":"bf_compressed:ia_auto_gen/diamond_block_2x"},{"predicate":{"custom_model_data":571},"model":"bf_compressed:ia_auto_gen/diamond_block_3x"},{"predicate":{"custom_model_data":572},"model":"bf_compressed:ia_auto_gen/diamond_block_4x"},{"predicate":{"custom_model_data":573},"model":"bf_compressed:ia_auto_gen/diamond_block_5x"},{"predicate":{"custom_model_data":574},"model":"bf_compressed:ia_auto_gen/diamond_block_6x"},{"predicate":{"custom_model_data":575},"model":"bf_compressed:ia_auto_gen/diamond_block_7x"},{"predicate":{"custom_model_data":576},"model":"bf_compressed:ia_auto_gen/diamond_block_8x"},{"predicate":{"custom_model_data":577},"model":"bf_compressed:ia_auto_gen/diamond_block_9x"},{"predicate":{"custom_model_data":578},"model":"bf_compressed:ia_auto_gen/iron_block_1x"},{"predicate":{"custom_model_data":579},"model":"bf_compressed:ia_auto_gen/iron_block_2x"},{"predicate":{"custom_model_data":580},"model":"bf_compressed:ia_auto_gen/iron_block_3x"},{"predicate":{"custom_model_data":581},"model":"bf_compressed:ia_auto_gen/iron_block_4x"},{"predicate":{"custom_model_data":582},"model":"bf_compressed:ia_auto_gen/iron_block_5x"},{"predicate":{"custom_model_data":583},"model":"bf_compressed:ia_auto_gen/iron_block_6x"},{"predicate":{"custom_model_data":584},"model":"bf_compressed:ia_auto_gen/iron_block_7x"},{"predicate":{"custom_model_data":585},"model":"bf_compressed:ia_auto_gen/iron_block_8x"},{"predicate":{"custom_model_data":586},"model":"bf_compressed:ia_auto_gen/iron_block_9x"},{"predicate":{"custom_model_data":587},"model":"hmccosmetics:item/assaultmask"},{"predicate":{"custom_model_data":588},"model":"hmccosmetics:item/ushankahat"},{"predicate":{"custom_model_data":589},"model":"hmccosmetics:item/skimask"},{"predicate":{"custom_model_data":590},"model":"hmccosmetics:item/ncrmask"},{"predicate":{"custom_model_data":591},"model":"hmccosmetics:item/nightvision"},{"predicate":{"custom_model_data":592},"model":"hmccosmetics:item/royal_crown"},{"predicate":{"custom_model_data":593},"model":"hmccosmetics:item/royal_scepter"},{"predicate":{"custom_model_data":594},"model":"hmccosmetics:item/royal_cloak"},{"predicate":{"custom_model_data":595},"model":"hmccosmetics:item/tesla"},{"predicate":{"custom_model_data":596},"model":"bf_compressed:ia_auto_gen/stone_1x"},{"predicate":{"custom_model_data":597},"model":"bf_compressed:ia_auto_gen/stone_2x"},{"predicate":{"custom_model_data":598},"model":"bf_compressed:ia_auto_gen/stone_3x"},{"predicate":{"custom_model_data":599},"model":"bf_compressed:ia_auto_gen/stone_4x"},{"predicate":{"custom_model_data":600},"model":"bf_compressed:ia_auto_gen/stone_5x"},{"predicate":{"custom_model_data":601},"model":"bf_compressed:ia_auto_gen/stone_6x"},{"predicate":{"custom_model_data":602},"model":"bf_compressed:ia_auto_gen/stone_7x"},{"predicate":{"custom_model_data":603},"model":"bf_compressed:ia_auto_gen/stone_8x"},{"predicate":{"custom_model_data":604},"model":"bf_compressed:ia_auto_gen/stone_9x"},{"predicate":{"custom_model_data":605},"model":"bf_compressed:ia_auto_gen/gold_block_1x"},{"predicate":{"custom_model_data":606},"model":"bf_compressed:ia_auto_gen/gold_block_2x"},{"predicate":{"custom_model_data":607},"model":"bf_compressed:ia_auto_gen/gold_block_3x"},{"predicate":{"custom_model_data":608},"model":"bf_compressed:ia_auto_gen/gold_block_4x"},{"predicate":{"custom_model_data":609},"model":"bf_compressed:ia_auto_gen/gold_block_5x"},{"predicate":{"custom_model_data":610},"model":"bf_compressed:ia_auto_gen/gold_block_6x"},{"predicate":{"custom_model_data":611},"model":"bf_compressed:ia_auto_gen/gold_block_7x"},{"predicate":{"custom_model_data":612},"model":"bf_compressed:ia_auto_gen/gold_block_8x"},{"predicate":{"custom_model_data":613},"model":"bf_compressed:ia_auto_gen/gold_block_9x"},{"predicate":{"custom_model_data":614},"model":"bf_compressed:ia_auto_gen/red_sand_1x"},{"predicate":{"custom_model_data":615},"model":"bf_compressed:ia_auto_gen/red_sand_2x"},{"predicate":{"custom_model_data":616},"model":"bf_compressed:ia_auto_gen/red_sand_3x"},{"predicate":{"custom_model_data":617},"model":"bf_compressed:ia_auto_gen/red_sand_4x"},{"predicate":{"custom_model_data":618},"model":"bf_compressed:ia_auto_gen/red_sand_5x"},{"predicate":{"custom_model_data":619},"model":"bf_compressed:ia_auto_gen/red_sand_6x"},{"predicate":{"custom_model_data":620},"model":"bf_compressed:ia_auto_gen/red_sand_7x"},{"predicate":{"custom_model_data":621},"model":"bf_compressed:ia_auto_gen/red_sand_8x"},{"predicate":{"custom_model_data":622},"model":"bf_compressed:ia_auto_gen/red_sand_9x"},{"predicate":{"custom_model_data":623},"model":"bf_compressed:ia_auto_gen/netherite_block_1x"},{"predicate":{"custom_model_data":624},"model":"bf_compressed:ia_auto_gen/netherite_block_2x"},{"predicate":{"custom_model_data":625},"model":"bf_compressed:ia_auto_gen/netherite_block_3x"},{"predicate":{"custom_model_data":626},"model":"bf_compressed:ia_auto_gen/netherite_block_4x"},{"predicate":{"custom_model_data":627},"model":"bf_compressed:ia_auto_gen/netherite_block_5x"},{"predicate":{"custom_model_data":628},"model":"bf_compressed:ia_auto_gen/netherite_block_6x"},{"predicate":{"custom_model_data":629},"model":"bf_compressed:ia_auto_gen/netherite_block_7x"},{"predicate":{"custom_model_data":630},"model":"bf_compressed:ia_auto_gen/netherite_block_8x"},{"predicate":{"custom_model_data":631},"model":"bf_compressed:ia_auto_gen/netherite_block_9x"},{"predicate":{"custom_model_data":632},"model":"bf_compressed:ia_auto_gen/emerald_block_1x"},{"predicate":{"custom_model_data":633},"model":"bf_compressed:ia_auto_gen/emerald_block_2x"},{"predicate":{"custom_model_data":634},"model":"bf_compressed:ia_auto_gen/emerald_block_3x"},{"predicate":{"custom_model_data":635},"model":"bf_compressed:ia_auto_gen/emerald_block_4x"},{"predicate":{"custom_model_data":636},"model":"bf_compressed:ia_auto_gen/emerald_block_5x"},{"predicate":{"custom_model_data":637},"model":"bf_compressed:ia_auto_gen/emerald_block_6x"},{"predicate":{"custom_model_data":638},"model":"bf_compressed:ia_auto_gen/emerald_block_7x"},{"predicate":{"custom_model_data":639},"model":"bf_compressed:ia_auto_gen/emerald_block_8x"},{"predicate":{"custom_model_data":640},"model":"bf_compressed:ia_auto_gen/emerald_block_9x"},{"predicate":{"custom_model_data":641},"model":"bf_compressed:ia_auto_gen/steel_block_1x"},{"predicate":{"custom_model_data":642},"model":"bf_compressed:ia_auto_gen/steel_block_2x"},{"predicate":{"custom_model_data":643},"model":"bf_compressed:ia_auto_gen/steel_block_3x"},{"predicate":{"custom_model_data":644},"model":"bf_compressed:ia_auto_gen/steel_block_4x"},{"predicate":{"custom_model_data":645},"model":"bf_compressed:ia_auto_gen/steel_block_5x"},{"predicate":{"custom_model_data":646},"model":"bf_compressed:ia_auto_gen/steel_block_6x"},{"predicate":{"custom_model_data":647},"model":"bf_compressed:ia_auto_gen/steel_block_7x"},{"predicate":{"custom_model_data":648},"model":"bf_compressed:ia_auto_gen/steel_block_8x"},{"predicate":{"custom_model_data":649},"model":"bf_compressed:ia_auto_gen/steel_block_9x"},{"predicate":{"custom_model_data":650},"model":"bf_compressed:ia_auto_gen/cobblestone_1x"},{"predicate":{"custom_model_data":651},"model":"bf_compressed:ia_auto_gen/cobblestone_2x"},{"predicate":{"custom_model_data":652},"model":"bf_compressed:ia_auto_gen/cobblestone_3x"},{"predicate":{"custom_model_data":653},"model":"bf_compressed:ia_auto_gen/cobblestone_4x"},{"predicate":{"custom_model_data":654},"model":"bf_compressed:ia_auto_gen/cobblestone_5x"},{"predicate":{"custom_model_data":655},"model":"bf_compressed:ia_auto_gen/cobblestone_6x"},{"predicate":{"custom_model_data":656},"model":"bf_compressed:ia_auto_gen/cobblestone_7x"},{"predicate":{"custom_model_data":657},"model":"bf_compressed:ia_auto_gen/cobblestone_8x"},{"predicate":{"custom_model_data":658},"model":"bf_compressed:ia_auto_gen/cobblestone_9x"},{"predicate":{"custom_model_data":659},"model":"bf_compressed:ia_auto_gen/redstone_block_1x"},{"predicate":{"custom_model_data":660},"model":"bf_compressed:ia_auto_gen/redstone_block_2x"},{"predicate":{"custom_model_data":661},"model":"bf_compressed:ia_auto_gen/redstone_block_3x"},{"predicate":{"custom_model_data":662},"model":"bf_compressed:ia_auto_gen/redstone_block_4x"},{"predicate":{"custom_model_data":663},"model":"bf_compressed:ia_auto_gen/redstone_block_5x"},{"predicate":{"custom_model_data":664},"model":"bf_compressed:ia_auto_gen/redstone_block_6x"},{"predicate":{"custom_model_data":665},"model":"bf_compressed:ia_auto_gen/redstone_block_7x"},{"predicate":{"custom_model_data":666},"model":"bf_compressed:ia_auto_gen/redstone_block_8x"},{"predicate":{"custom_model_data":667},"model":"bf_compressed:ia_auto_gen/redstone_block_9x"},{"predicate":{"custom_model_data":668},"model":"bf_compressed:ia_auto_gen/honey_block_1x"},{"predicate":{"custom_model_data":669},"model":"bf_compressed:ia_auto_gen/honey_block_2x"},{"predicate":{"custom_model_data":670},"model":"bf_compressed:ia_auto_gen/honey_block_3x"},{"predicate":{"custom_model_data":671},"model":"bf_compressed:ia_auto_gen/honey_block_4x"},{"predicate":{"custom_model_data":672},"model":"bf_compressed:ia_auto_gen/honey_block_5x"},{"predicate":{"custom_model_data":673},"model":"bf_compressed:ia_auto_gen/honey_block_6x"},{"predicate":{"custom_model_data":674},"model":"bf_compressed:ia_auto_gen/honey_block_7x"},{"predicate":{"custom_model_data":675},"model":"bf_compressed:ia_auto_gen/honey_block_8x"},{"predicate":{"custom_model_data":676},"model":"bf_compressed:ia_auto_gen/honey_block_9x"},{"predicate":{"custom_model_data":677},"model":"bf_compressed:ia_auto_gen/lapis_block_1x"},{"predicate":{"custom_model_data":678},"model":"bf_compressed:ia_auto_gen/lapis_block_2x"},{"predicate":{"custom_model_data":679},"model":"bf_compressed:ia_auto_gen/lapis_block_3x"},{"predicate":{"custom_model_data":680},"model":"bf_compressed:ia_auto_gen/lapis_block_4x"},{"predicate":{"custom_model_data":681},"model":"bf_compressed:ia_auto_gen/lapis_block_5x"},{"predicate":{"custom_model_data":682},"model":"bf_compressed:ia_auto_gen/lapis_block_6x"},{"predicate":{"custom_model_data":683},"model":"bf_compressed:ia_auto_gen/lapis_block_7x"},{"predicate":{"custom_model_data":684},"model":"bf_compressed:ia_auto_gen/lapis_block_8x"},{"predicate":{"custom_model_data":685},"model":"bf_compressed:ia_auto_gen/lapis_block_9x"},{"predicate":{"custom_model_data":686},"model":"nlwar:ia_auto_gen/bioball"},{"predicate":{"custom_model_data":687},"model":"nlwar:ia_auto_gen/c_ball"},{"predicate":{"custom_model_data":688},"model":"nlwar:ia_auto_gen/carbon"},{"predicate":{"custom_model_data":689},"model":"nlwar:ia_auto_gen/electro_brewery_kit"},{"predicate":{"custom_model_data":690},"model":"nlwar:ia_auto_gen/fatman_kit"},{"predicate":{"custom_model_data":691},"model":"nlwar:ia_auto_gen/mininuke_kit"},{"predicate":{"custom_model_data":692},"model":"customcrops:item/crops/marijuana/stage_1"},{"predicate":{"custom_model_data":693},"model":"customcrops:item/crops/marijuana/stage_2"},{"predicate":{"custom_model_data":694},"model":"customcrops:item/crops/marijuana/stage_3"},{"predicate":{"custom_model_data":695},"model":"customcrops:item/crops/marijuana/stage_4"},{"predicate":{"custom_model_data":696},"model":"customcrops:item/crops/marijuana/marijuana_seeds"},{"predicate":{"custom_model_data":697},"model":"customcrops:item/sprinklers/water_effect"},{"predicate":{"custom_model_data":698},"model":"customcrops:item/sprinklers/sprinkler_1"},{"predicate":{"custom_model_data":699},"model":"customcrops:item/sprinklers/sprinkler_1_item"},{"predicate":{"custom_model_data":700},"model":"customcrops:item/sprinklers/sprinkler_2"},{"predicate":{"custom_model_data":701},"model":"customcrops:item/sprinklers/sprinkler_2_item"},{"predicate":{"custom_model_data":702},"model":"customcrops:item/sprinklers/sprinkler_3"},{"predicate":{"custom_model_data":703},"model":"customcrops:item/sprinklers/sprinkler_3_item"},{"predicate":{"custom_model_data":704},"model":"customcrops:item/basics/dry_pot"},{"predicate":{"custom_model_data":705},"model":"customcrops:item/basics/wet_pot"},{"predicate":{"custom_model_data":706},"model":"nlwar:items/witch_cauldron"},{"predicate":{"custom_model_data":707},"model":"nlwar:ia_auto_gen/fatman_box"},{"predicate":{"custom_model_data":709},"model":"hmccosmetics:item/bs_balloon_caterpillar"},{"predicate":{"custom_model_data":710},"model":"hmccosmetics:item/bs_balloon_fox"},{"predicate":{"custom_model_data":711},"model":"hmccosmetics:item/bs_balloon_ladybug"},{"predicate":{"custom_model_data":712},"model":"hmccosmetics:item/bs_balloon_peacock"},{"predicate":{"custom_model_data":713},"model":"hmccosmetics:item/bs_balloon_shepard_dog"},{"predicate":{"custom_model_data":714},"model":"hmccosmetics:item/bs_balloon_sniffer"},{"predicate":{"custom_model_data":716},"model":"customcrops:item/crops/cotton/stage_1"},{"predicate":{"custom_model_data":717},"model":"customcrops:item/crops/cotton/stage_2"},{"predicate":{"custom_model_data":718},"model":"customcrops:item/crops/cotton/stage_3"},{"predicate":{"custom_model_data":719},"model":"customcrops:item/crops/cotton/stage_4"},{"predicate":{"custom_model_data":720},"model":"customcrops:item/crops/cotton/cotton_seeds"},{"predicate":{"custom_model_data":721},"model":"nlwar:ia_auto_gen/concentrate"},{"predicate":{"custom_model_data":722},"model":"customcrops:item/crops/tomato/stage_1"},{"predicate":{"custom_model_data":723},"model":"customcrops:item/crops/tomato/stage_2"},{"predicate":{"custom_model_data":724},"model":"customcrops:item/crops/tomato/stage_3"},{"predicate":{"custom_model_data":725},"model":"customcrops:item/crops/tomato/stage_4"},{"predicate":{"custom_model_data":726},"model":"customcrops:item/crops/tomato/tomato_seeds"},{"predicate":{"custom_model_data":727},"model":"customcrops:item/crops/frozzen_berry/stage_1"},{"predicate":{"custom_model_data":728},"model":"customcrops:item/crops/frozzen_berry/stage_2"},{"predicate":{"custom_model_data":729},"model":"customcrops:item/crops/frozzen_berry/stage_3"},{"predicate":{"custom_model_data":730},"model":"customcrops:item/crops/frozzen_berry/stage_4"},{"predicate":{"custom_model_data":731},"model":"customcrops:item/crops/frozzen_berry/frozzen_berry_seeds"},{"predicate":{"custom_model_data":732},"model":"customcrops:item/crops/raspberry/stage_1"},{"predicate":{"custom_model_data":733},"model":"customcrops:item/crops/raspberry/stage_2"},{"predicate":{"custom_model_data":734},"model":"customcrops:item/crops/raspberry/stage_3"},{"predicate":{"custom_model_data":735},"model":"customcrops:item/crops/raspberry/stage_4"},{"predicate":{"custom_model_data":736},"model":"customcrops:item/crops/raspberry/raspberry_seeds"},{"predicate":{"custom_model_data":737},"model":"customcrops:item/crops/rice/stage_1"},{"predicate":{"custom_model_data":738},"model":"customcrops:item/crops/rice/stage_2"},{"predicate":{"custom_model_data":739},"model":"customcrops:item/crops/rice/stage_3"},{"predicate":{"custom_model_data":740},"model":"customcrops:item/crops/rice/stage_4"},{"predicate":{"custom_model_data":741},"model":"customcrops:item/crops/rice/rice_seeds"},{"predicate":{"custom_model_data":742},"model":"customcrops:item/crops/broccoli/stage_1"},{"predicate":{"custom_model_data":743},"model":"customcrops:item/crops/broccoli/stage_2"},{"predicate":{"custom_model_data":744},"model":"customcrops:item/crops/broccoli/stage_3"},{"predicate":{"custom_model_data":745},"model":"customcrops:item/crops/broccoli/stage_4"},{"predicate":{"custom_model_data":746},"model":"customcrops:item/crops/broccoli/broccoli_seeds"},{"predicate":{"custom_model_data":747},"model":"customcrops:item/crops/cucumber/stage_1"},{"predicate":{"custom_model_data":748},"model":"customcrops:item/crops/cucumber/stage_2"},{"predicate":{"custom_model_data":749},"model":"customcrops:item/crops/cucumber/stage_3"},{"predicate":{"custom_model_data":750},"model":"customcrops:item/crops/cucumber/stage_4"},{"predicate":{"custom_model_data":751},"model":"customcrops:item/crops/cucumber/cucumber_seeds"},{"predicate":{"custom_model_data":752},"model":"customcrops:item/crops/cabbage/stage_1"},{"predicate":{"custom_model_data":753},"model":"customcrops:item/crops/cabbage/stage_2"},{"predicate":{"custom_model_data":754},"model":"customcrops:item/crops/cabbage/stage_3"},{"predicate":{"custom_model_data":755},"model":"customcrops:item/crops/cabbage/stage_4"},{"predicate":{"custom_model_data":756},"model":"customcrops:item/crops/cabbage/cabbage_seeds"},{"predicate":{"custom_model_data":757},"model":"customcrops:item/crops/zucchini/stage_1"},{"predicate":{"custom_model_data":758},"model":"customcrops:item/crops/zucchini/stage_2"},{"predicate":{"custom_model_data":759},"model":"customcrops:item/crops/zucchini/stage_3"},{"predicate":{"custom_model_data":760},"model":"customcrops:item/crops/zucchini/stage_4"},{"predicate":{"custom_model_data":761},"model":"customcrops:item/crops/zucchini/zucchini_seeds"},{"predicate":{"custom_model_data":762},"model":"hmccosmetics:item/boobs1"},{"predicate":{"custom_model_data":763},"model":"hmccosmetics:item/boobs2"},{"predicate":{"custom_model_data":764},"model":"hmccosmetics:item/boobs3"},{"predicate":{"custom_model_data":765},"model":"hmccosmetics:item/boobs4"},{"predicate":{"custom_model_data":766},"model":"hmccosmetics:item/sworfofjodah"},{"predicate":{"custom_model_data":770},"model":"nlwar:ia_auto_gen/crystal_ore"},{"predicate":{"custom_model_data":771},"model":"magic_crates:ia_auto_gen/crate_magic_key"},{"predicate":{"custom_model_data":773},"model":"nlwar:ia_auto_gen/aliminium_ore"},{"predicate":{"custom_model_data":774},"model":"nlwar:ia_auto_gen/pallanium_ore"},{"predicate":{"custom_model_data":775},"model":"nlwar:ia_auto_gen/titanium_ore"},{"predicate":{"custom_model_data":10000},"model":"_iainternal:ia_auto_gen/icon_left_blue"},{"predicate":{"custom_model_data":10001},"model":"_iainternal:ia_auto_gen/icon_right_blue"},{"predicate":{"custom_model_data":10002},"model":"_iainternal:ia_auto_gen/icon_search"},{"predicate":{"custom_model_data":10003},"model":"_iainternal:ia_auto_gen/icon_cancel"},{"predicate":{"custom_model_data":10004},"model":"_iainternal:ia_auto_gen/icon_arrow_chest"},{"predicate":{"custom_model_data":10005},"model":"_iainternal:ia_auto_gen/icon_back_orange"},{"predicate":{"custom_model_data":10006},"model":"_iainternal:ia_auto_gen/icon_next_orange"},{"predicate":{"custom_model_data":10008},"model":"nlwar:ia_auto_gen/uranium_ore"},{"predicate":{"custom_model_data":10009},"model":"nlwar:ia_auto_gen/lead_ingot"},{"predicate":{"custom_model_data":10010},"model":"nlwar:ia_auto_gen/lead_ore"},{"predicate":{"custom_model_data":10014},"model":"nlwar:ia_auto_gen/machine_base"},{"predicate":{"custom_model_data":10016},"model":"nlwar:ia_auto_gen/laser_furnace"},{"predicate":{"custom_model_data":10017},"model":"nlwar:ia_auto_gen/lense"},{"predicate":{"custom_model_data":10018},"model":"nlwar:ia_auto_gen/energy_orb"},{"predicate":{"custom_model_data":10019},"model":"nlwar:ia_auto_gen/scheme"},{"predicate":{"custom_model_data":10091},"model":"nlwar:items/banner_nl_2"},{"predicate":{"custom_model_data":10092},"model":"nlwar:items/banner_nl_4"},{"predicate":{"custom_model_data":10093},"model":"nlwar:items/banner_nl_3"},{"predicate":{"custom_model_data":10094},"model":"nlwar:items/banner_nl_1"},{"predicate":{"custom_model_data":10095},"model":"nlwar:items/logo"},{"predicate":{"custom_model_data":10097},"model":"nlwar:ia_auto_gen/energy_cell"},{"predicate":{"custom_model_data":10099},"model":"nlwar:items/can_oil"},{"predicate":{"custom_model_data":10100},"model":"nlwar:items/can_oil"},{"predicate":{"custom_model_data":10101},"model":"nlwar:ia_auto_gen/steel_ingot"},{"predicate":{"custom_model_data":10102},"model":"nlwar:ia_auto_gen/steel_nugget"},{"predicate":{"custom_model_data":10192},"model":"nlwar:items/laser_crafter"},{"predicate":{"custom_model_data":10196},"model":"nlwar:ia_auto_gen/cheese_block"},{"predicate":{"custom_model_data":10226},"model":"nlwar:ia_auto_gen/cells"},{"predicate":{"custom_model_data":10227},"model":"nlwar:items/coal_generator"},{"predicate":{"custom_model_data":10228},"model":"cosmetic:custom/spray/spray1"},{"predicate":{"custom_model_data":14556},"model":"nlwar:ia_auto_gen/ammo556"},{"predicate":{"custom_model_data":50000},"model":"nlweapons:item/gsm/asval_mesh/asval_mesh.group-d380c5fe"},{"predicate":{"custom_model_data":50001},"model":"nlweapons:item/gsm/m4a1_mesh/m4a1_mesh.r_arm"},{"predicate":{"custom_model_data":50002},"model":"nlweapons:item/gsm/asval_mesh/asval_mesh.group-dc55c002"},{"predicate":{"custom_model_data":50003},"model":"nlweapons:item/gsm/awp_mesh/awp_mesh.group3"},{"predicate":{"custom_model_data":50004},"model":"nlweapons:item/gsm/awp_mesh/awp_mesh.group-b877c111"},{"predicate":{"custom_model_data":50005},"model":"nlweapons:item/gsm/awp_mesh/awp_mesh.group-e8769191"},{"predicate":{"custom_model_data":50006},"model":"nlweapons:item/gsm/asval_mesh/asval_mesh.group-f079bf7a"},{"predicate":{"custom_model_data":50007},"model":"nlweapons:item/gsm/awp_mesh/awp_mesh.group-e7289815"},{"predicate":{"custom_model_data":50008},"model":"nlweapons:item/gsm/asval_mesh/asval_mesh.group-c021fdb5"},{"predicate":{"custom_model_data":50009},"model":"nlw_custom:item/5.56-exp"},{"predicate":{"custom_model_data":50010},"model":"nlw_custom:item/9x39"},{"predicate":{"custom_model_data":50011},"model":"nlweapons:item/gsm/m79_mesh/m79_mesh.bone2"},{"predicate":{"custom_model_data":50012},"model":"nlweapons:item/gsm/spas12_mesh/spas12_mesh.group-4eea5845"},{"predicate":{"custom_model_data":50013},"model":"nlweapons:item/gsm/asval_mesh/asval_mesh.group-f6c71b8b"},{"predicate":{"custom_model_data":50014},"model":"nlweapons:item/gsm/m4a1_mesh/m4a1_mesh.group-2884f010"},{"predicate":{"custom_model_data":50015},"model":"nlweapons:item/gsm/asval_mesh/asval_mesh.group3"},{"predicate":{"custom_model_data":50016},"model":"nlweapons:item/gsm/mp5_mesh/mp5_mesh.bone-c4e44db8"},{"predicate":{"custom_model_data":50017},"model":"nlweapons:item/gsm/m4a1_mesh/m4a1_mesh.group-52c6f754"},{"predicate":{"custom_model_data":50018},"model":"nlweapons:item/gsm/awp_mesh/awp_mesh.group-4ebc9ae3"},{"predicate":{"custom_model_data":50019},"model":"nlweapons:item/gsm/asval_mesh/asval_mesh.group-597e0c23"},{"predicate":{"custom_model_data":50020},"model":"nlweapons:item/gsm/awp_mesh/awp_mesh.l_arm"},{"predicate":{"custom_model_data":50021},"model":"nlweapons:item/gsm/asval_mesh/asval_mesh.group-5638073e"},{"predicate":{"custom_model_data":50022},"model":"nlweapons:item/gsm/m4a1_mesh/m4a1_mesh.group-951cf069"},{"predicate":{"custom_model_data":50023},"model":"nlw_custom:item/hun-12"},{"predicate":{"custom_model_data":50024},"model":"nlweapons:item/gsm/awp_mesh/awp_mesh.group-f4f80345"},{"predicate":{"custom_model_data":50025},"model":"nlw_custom:item/7.62-bp"},{"predicate":{"custom_model_data":50026},"model":"nlweapons:item/gsm/awp_mesh/awp_mesh.group-3b87d71c"},{"predicate":{"custom_model_data":50027},"model":"nlweapons:item/gsm/m4a1_mesh/m4a1_mesh.group-81b0e8e1"},{"predicate":{"custom_model_data":50028},"model":"nlweapons:item/gsm/awp_mesh/awp_mesh.group-1bbd6ce5"},{"predicate":{"custom_model_data":50029},"model":"nlweapons:item/gsm/asval_mesh/asval_mesh.l_arm"},{"predicate":{"custom_model_data":50030},"model":"nlweapons:item/gsm/akr_mesh/akr_mesh.bone3"},{"predicate":{"custom_model_data":50031},"model":"nlweapons:item/gsm/m79_mesh/m79_mesh.group"},{"predicate":{"custom_model_data":50032},"model":"nlweapons:item/gsm/mp5_mesh/mp5_mesh.bone-951cf069"},{"predicate":{"custom_model_data":50033},"model":"nlweapons:item/gsm/awp_mesh/awp_mesh.group-c021fdb5"},{"predicate":{"custom_model_data":50034},"model":"nlweapons:item/gsm/m4a1_mesh/m4a1_mesh.group-6e2e91a0"},{"predicate":{"custom_model_data":50035},"model":"nlweapons:item/gsm/mp5_mesh/mp5_mesh.bone-52c6f754"},{"predicate":{"custom_model_data":50036},"model":"nlweapons:item/gsm/awp_mesh/awp_mesh.group-d380c5fe"},{"predicate":{"custom_model_data":50037},"model":"nlweapons:mesh_base"},{"predicate":{"custom_model_data":50038},"model":"nlweapons:item/gsm/awp_mesh/awp_mesh.group-dc55c002"},{"predicate":{"custom_model_data":50039},"model":"nlweapons:item/gsm/ppsh_mesh/ppsh_mesh.gun"},{"predicate":{"custom_model_data":50040},"model":"nlweapons:item/gsm/spas12_mesh/spas12_mesh.group-7f6dfa7c"},{"predicate":{"custom_model_data":50041},"model":"nlweapons:item/gsm/testtest_mesh/testtest_mesh.bone6"},{"predicate":{"custom_model_data":50042},"model":"nlweapons:item/gsm/akr_mesh/akr_mesh.bone"},{"predicate":{"custom_model_data":50043},"model":"nlweapons:item/gsm/asval_mesh/asval_mesh.group-7a30affd"},{"predicate":{"custom_model_data":50044},"model":"nlweapons:item/gsm/asval_mesh/asval_mesh.bone4"},{"predicate":{"custom_model_data":50045},"model":"nlweapons:item/gsm/spas12_mesh/spas12_mesh.group-829d5e6d"},{"predicate":{"custom_model_data":50046},"model":"nlweapons:item/gsm/asval_mesh/asval_mesh.group-42257f67"},{"predicate":{"custom_model_data":50047},"model":"nlweapons:item/gsm/m4a1_mesh/m4a1_mesh.group-5bf670dc"},{"predicate":{"custom_model_data":50048},"model":"nlweapons:item/gsm/awp_mesh/awp_mesh.group-d9ded154"},{"predicate":{"custom_model_data":50049},"model":"nlweapons:item/gsm/spas12_mesh/spas12_mesh.l_arm"},{"predicate":{"custom_model_data":50050},"model":"nlweapons:item/gsm/spas12_mesh/spas12_mesh.group-43cf1636"},{"predicate":{"custom_model_data":50051},"model":"nlweapons:item/gsm/testtest_mesh/testtest_mesh.l_arm"},{"predicate":{"custom_model_data":50052},"model":"nlw_custom:item/12"},{"predicate":{"custom_model_data":50053},"model":"nlw_custom:item/5.56-bp"},{"predicate":{"custom_model_data":50054},"model":"nlweapons:item/gsm/awp_mesh/awp_mesh.group-42257f67"},{"predicate":{"custom_model_data":50055},"model":"nlweapons:item/gsm/m79_mesh/m79_mesh.bone4"},{"predicate":{"custom_model_data":50056},"model":"nlweapons:item/gsm/asval_mesh/asval_mesh.group-d9ded154"},{"predicate":{"custom_model_data":50057},"model":"nlw_custom:item/bp-12"},{"predicate":{"custom_model_data":50058},"model":"nlw_custom:item/9mm"},{"predicate":{"custom_model_data":50059},"model":"nlweapons:item/gsm/mp5_mesh/mp5_mesh.bone-5638073e"},{"predicate":{"custom_model_data":50060},"model":"nlweapons:item/gsm/spas12_mesh/spas12_mesh.bone4"},{"predicate":{"custom_model_data":50061},"model":"nlweapons:item/gsm/asval_mesh/asval_mesh.group-5ca99c93"},{"predicate":{"custom_model_data":50062},"model":"nlweapons:item/gsm/mp5_mesh/mp5_mesh.bone-597e0c23"},{"predicate":{"custom_model_data":50063},"model":"nlweapons:item/gsm/m79_mesh/m79_mesh.l_arm"},{"predicate":{"custom_model_data":50064},"model":"nlweapons:item/gsm/m4a1_mesh/m4a1_mesh.group2"},{"predicate":{"custom_model_data":50065},"model":"nlweapons:item/gsm/awp_mesh/awp_mesh.group-5ca99c93"},{"predicate":{"custom_model_data":50066},"model":"nlweapons:item/gsm/asval_mesh/asval_mesh.group-ed120dbc"},{"predicate":{"custom_model_data":50067},"model":"nlweapons:item/gsm/awp_mesh/awp_mesh.group-f6c71b8b"},{"predicate":{"custom_model_data":50068},"model":"nlw_custom:item/7.62-sbp"},{"predicate":{"custom_model_data":50069},"model":"nlweapons:item/gsm/awp_mesh/awp_mesh.group-7a30affd"},{"predicate":{"custom_model_data":50070},"model":"nlweapons:item/gsm/m4a1_mesh/m4a1_mesh.group-5638073e"},{"predicate":{"custom_model_data":50071},"model":"nlweapons:item/gsm/mp5_mesh/mp5_mesh.bone-7a30affd"},{"predicate":{"custom_model_data":50072},"model":"nlweapons:item/gsm/m4a1_mesh/m4a1_mesh.group-c4e44db8"},{"predicate":{"custom_model_data":50073},"model":"nlweapons:item/gsm/testtest_mesh/testtest_mesh.group2"},{"predicate":{"custom_model_data":50074},"model":"nlw_custom:item/5.56-sbp"},{"predicate":{"custom_model_data":50075},"model":"nlweapons:item/gsm/m4a1_mesh/m4a1_mesh.group-97fdbbf6"},{"predicate":{"custom_model_data":50076},"model":"nlweapons:item/gsm/awp_mesh/awp_mesh.group-b54c30a1"},{"predicate":{"custom_model_data":50077},"model":"nlweapons:item/gsm/awp_mesh/awp_mesh.group-ed120dbc"},{"predicate":{"custom_model_data":50078},"model":"nlweapons:item/gsm/asval_mesh/asval_mesh.group-8fe09b0d"},{"predicate":{"custom_model_data":50079},"model":"nlweapons:item/gsm/asval_mesh/asval_mesh.group-f4f80345"},{"predicate":{"custom_model_data":50080},"model":"nlweapons:item/gsm/asval_mesh/asval_mesh.group-e3fd07a5"},{"predicate":{"custom_model_data":50081},"model":"nlweapons:item/gsm/spas12_mesh/spas12_mesh.bone3"},{"predicate":{"custom_model_data":50082},"model":"nlweapons:item/gsm/awp_mesh/awp_mesh.group-953cf984"},{"predicate":{"custom_model_data":50083},"model":"nlweapons:item/gsm/deagle_mesh/deagle_mesh.bone4"},{"predicate":{"custom_model_data":50084},"model":"nlw_custom:item/bullet_vfx"},{"predicate":{"custom_model_data":50085},"model":"nlweapons:item/gsm/m4a1_mesh/m4a1_mesh.group-8bfc45e"},{"predicate":{"custom_model_data":50086},"model":"nlweapons:item/gsm/deagle_mesh/deagle_mesh.group"},{"predicate":{"custom_model_data":50087},"model":"nlweapons:item/gsm/awp_mesh/awp_mesh.group-411217d2"},{"predicate":{"custom_model_data":50088},"model":"nlweapons:item/gsm/m79_mesh/m79_mesh.group2"},{"predicate":{"custom_model_data":50089},"model":"nlweapons:item/gsm/awp_mesh/awp_mesh.group-951cf069"},{"predicate":{"custom_model_data":50090},"model":"nlweapons:item/gsm/awp_mesh/awp_mesh.group-52c6f754"},{"predicate":{"custom_model_data":50091},"model":"nlweapons:item/gsm/m4a1_mesh/m4a1_mesh.group-597e0c23"},{"predicate":{"custom_model_data":50092},"model":"nlweapons:item/gsm/spas12_mesh/spas12_mesh.group-2a505e9c"},{"predicate":{"custom_model_data":50093},"model":"nlweapons:item/gsm/ppsh_mesh/ppsh_mesh.bone"},{"predicate":{"custom_model_data":50094},"model":"nlweapons:item/gsm/mp5_mesh/mp5_mesh.bone-fcef7e4e"},{"predicate":{"custom_model_data":50095},"model":"nlweapons:item/gsm/asval_mesh/asval_mesh.group-b877c111"},{"predicate":{"custom_model_data":50096},"model":"nlweapons:item/gsm/asval_mesh/asval_mesh.group-2884f010"},{"predicate":{"custom_model_data":50097},"model":"nlweapons:item/gsm/asval_mesh/asval_mesh.group-cbe2175a"},{"predicate":{"custom_model_data":50098},"model":"nlweapons:item/gsm/mp5_mesh/mp5_mesh.bone3"},{"predicate":{"custom_model_data":50099},"model":"nlweapons:item/gsm/m4a1_mesh/m4a1_mesh.group-d6bbb86d"},{"predicate":{"custom_model_data":50100},"model":"nlweapons:item/gsm/awp_mesh/awp_mesh.bone4"},{"predicate":{"custom_model_data":50101},"model":"nlweapons:item/gsm/mp5_mesh/mp5_mesh.bone-c021fdb5"},{"predicate":{"custom_model_data":50102},"model":"nlweapons:item/gsm/awp_mesh/awp_mesh.group-f1f65e40"},{"predicate":{"custom_model_data":50103},"model":"nlweapons:item/gsm/ppsh_mesh/ppsh_mesh.l_arm"},{"predicate":{"custom_model_data":50104},"model":"nlweapons:item/gsm/m4a1_mesh/m4a1_mesh.group-90d4a7d4"},{"predicate":{"custom_model_data":50105},"model":"nlweapons:item/gsm/awp_mesh/awp_mesh.group-fcef7e4e"},{"predicate":{"custom_model_data":50106},"model":"nlweapons:item/gsm/mp5_mesh/mp5_mesh.bone4"},{"predicate":{"custom_model_data":50107},"model":"nlweapons:item/gsm/asval_mesh/asval_mesh.group-8bfc45e"},{"predicate":{"custom_model_data":50108},"model":"nlweapons:item/gsm/m4a1_mesh/m4a1_mesh.group-d008ec8c"},{"predicate":{"custom_model_data":50109},"model":"nlweapons:item/gsm/m4a1_mesh/m4a1_mesh.group-a96c57d6"},{"predicate":{"custom_model_data":50110},"model":"nlw_custom:item/exp-9mm"},{"predicate":{"custom_model_data":50111},"model":"nlweapons:item/gsm/awp_mesh/awp_mesh.group-12faddd8"},{"predicate":{"custom_model_data":50112},"model":"nlweapons:item/gsm/akr_mesh/akr_mesh.l_arm"},{"predicate":{"custom_model_data":50113},"model":"nlweapons:item/gsm/awp_mesh/awp_mesh.group-157db59a"},{"predicate":{"custom_model_data":50114},"model":"nlweapons:item/gsm/spas12_mesh/spas12_mesh.group2"},{"predicate":{"custom_model_data":50115},"model":"nlweapons:item/gsm/awp_mesh/awp_mesh.group-1f9bebeb"},{"predicate":{"custom_model_data":50116},"model":"nlweapons:item/gsm/asval_mesh/asval_mesh.group-d6bbb86d"},{"predicate":{"custom_model_data":50117},"model":"nlweapons:item/gsm/asval_mesh/asval_mesh.group-e7289815"},{"predicate":{"custom_model_data":50118},"model":"nlweapons:item/gsm/m4a1_mesh/m4a1_mesh.group-e3fd07a5"},{"predicate":{"custom_model_data":50119},"model":"nlweapons:item/gsm/asval_mesh/asval_mesh.group-c4e44db8"},{"predicate":{"custom_model_data":50120},"model":"nlweapons:item/gsm/m4a1_mesh/m4a1_mesh.group-e7289815"},{"predicate":{"custom_model_data":50121},"model":"nlweapons:item/gsm/awp_mesh/awp_mesh.group-ca80264f"},{"predicate":{"custom_model_data":50122},"model":"nlweapons:item/gsm/mp5_mesh/mp5_mesh.bone-d380c5fe"},{"predicate":{"custom_model_data":50123},"model":"nlweapons:item/gsm/m4a1_mesh/m4a1_mesh.group-8fe09b0d"},{"predicate":{"custom_model_data":50124},"model":"nlweapons:item/gsm/m4a1_mesh/m4a1_mesh.group-cbe2175a"},{"predicate":{"custom_model_data":50125},"model":"nlweapons:item/gsm/asval_mesh/asval_mesh.group-d008ec8c"},{"predicate":{"custom_model_data":50126},"model":"nlweapons:item/gsm/awp_mesh/awp_mesh.group-f079bf7a"},{"predicate":{"custom_model_data":50127},"model":"nlweapons:item/gsm/asval_mesh/asval_mesh.group-a96c57d6"},{"predicate":{"custom_model_data":50128},"model":"nlweapons:item/gsm/m4a1_mesh/m4a1_mesh.group3"},{"predicate":{"custom_model_data":50129},"model":"nlweapons:item/gsm/spas12_mesh/spas12_mesh.bone"},{"predicate":{"custom_model_data":50130},"model":"nlweapons:item/gsm/awp_mesh/awp_mesh.group-cbe2175a"},{"predicate":{"custom_model_data":50131},"model":"nlweapons:item/gsm/m4a1_mesh/m4a1_mesh.group-d9ded154"},{"predicate":{"custom_model_data":50132},"model":"nlweapons:item/gsm/testtest_mesh/testtest_mesh.bone3"},{"predicate":{"custom_model_data":50133},"model":"nlweapons:item/gsm/asval_mesh/asval_mesh.group-90d4a7d4"},{"predicate":{"custom_model_data":50134},"model":"nlweapons:item/gsm/m4a1_mesh/m4a1_mesh.group-4ebc9ae3"},{"predicate":{"custom_model_data":50135},"model":"nlweapons:item/gsm/m4a1_mesh/m4a1_mesh.group-42257f67"},{"predicate":{"custom_model_data":50136},"model":"nlweapons:item/gsm/m4a1_mesh/m4a1_mesh.group-f4f80345"},{"predicate":{"custom_model_data":50137},"model":"nlweapons:item/gsm/asval_mesh/asval_mesh.group-5bf670dc"},{"predicate":{"custom_model_data":50138},"model":"nlweapons:item/gsm/asval_mesh/asval_mesh.group-ca80264f"},{"predicate":{"custom_model_data":50139},"model":"nlweapons:item/gsm/testtest_mesh/testtest_mesh.r_arm"},{"predicate":{"custom_model_data":50140},"model":"nlweapons:item/gsm/awp_mesh/awp_mesh.group-2884f010"},{"predicate":{"custom_model_data":50141},"model":"nlweapons:item/gsm/awp_mesh/awp_mesh.group-d6bbb86d"},{"predicate":{"custom_model_data":50142},"model":"nlweapons:item/gsm/mp5_mesh/mp5_mesh.bone-dd0a61c4"},{"predicate":{"custom_model_data":50143},"model":"nlweapons:item/gsm/asval_mesh/asval_mesh.group2"},{"predicate":{"custom_model_data":50144},"model":"nlweapons:item/gsm/awp_mesh/awp_mesh.bone"},{"predicate":{"custom_model_data":50145},"model":"nlweapons:item/gsm/m4a1_mesh/m4a1_mesh.group-fcef7e4e"},{"predicate":{"custom_model_data":50146},"model":"nlweapons:item/gsm/mp5_mesh/mp5_mesh.l_arm"},{"predicate":{"custom_model_data":50147},"model":"nlw_custom:item/9x39-bp"},{"predicate":{"custom_model_data":50148},"model":"nlw_custom:item/9x39-exp"},{"predicate":{"custom_model_data":50149},"model":"nlweapons:item/gsm/m4a1_mesh/m4a1_mesh.group-1bbd6ce5"},{"predicate":{"custom_model_data":50150},"model":"nlweapons:item/gsm/m4a1_mesh/m4a1_mesh.group-3b87d71c"},{"predicate":{"custom_model_data":50151},"model":"nlweapons:item/gsm/m4a1_mesh/m4a1_mesh.l_arm"},{"predicate":{"custom_model_data":50152},"model":"nlweapons:item/gsm/asval_mesh/asval_mesh.group-25515306"},{"predicate":{"custom_model_data":50153},"model":"nlweapons:item/gsm/awp_mesh/awp_mesh.group2"},{"predicate":{"custom_model_data":50154},"model":"nlweapons:item/gsm/m4a1_mesh/m4a1_mesh.group-e8769191"},{"predicate":{"custom_model_data":50155},"model":"nlweapons:item/gsm/mp5_mesh/mp5_mesh.bone-157db59a"},{"predicate":{"custom_model_data":50156},"model":"nlweapons:item/gsm/m4a1_mesh/m4a1_mesh.group-b877c111"},{"predicate":{"custom_model_data":50157},"model":"nlweapons:item/gsm/mp5_mesh/mp5_mesh.bone-8bfc45e"},{"predicate":{"custom_model_data":50158},"model":"nlweapons:item/gsm/awp_mesh/awp_mesh.group-81b0e8e1"},{"predicate":{"custom_model_data":50159},"model":"nlweapons:item/gsm/asval_mesh/asval_mesh.group-f0eb14e7"},{"predicate":{"custom_model_data":50160},"model":"nlweapons:item/gsm/mp5_mesh/mp5_mesh.bone-ca80264f"},{"predicate":{"custom_model_data":50161},"model":"nlweapons:item/gsm/awp_mesh/awp_mesh.group-25515306"},{"predicate":{"custom_model_data":50162},"model":"nlweapons:item/gsm/awp_mesh/awp_mesh.group-5bf670dc"},{"predicate":{"custom_model_data":50163},"model":"nlweapons:item/gsm/m4a1_mesh/m4a1_mesh.group-dc55c002"},{"predicate":{"custom_model_data":50164},"model":"nlweapons:item/gsm/mp5_mesh/mp5_mesh.bone-f4f80345"},{"predicate":{"custom_model_data":50165},"model":"nlweapons:item/gsm/awp_mesh/awp_mesh.group-6e2e91a0"},{"predicate":{"custom_model_data":50166},"model":"nlweapons:item/gsm/m4a1_mesh/m4a1_mesh.group-f6c71b8b"},{"predicate":{"custom_model_data":50167},"model":"nlweapons:item/gsm/m4a1_mesh/m4a1_mesh.group-f0eb14e7"},{"predicate":{"custom_model_data":50168},"model":"nlweapons:item/gsm/m4a1_mesh/m4a1_mesh.bone"},{"predicate":{"custom_model_data":50169},"model":"nlweapons:item/gsm/m4a1_mesh/m4a1_mesh.group-dd0a61c4"},{"predicate":{"custom_model_data":50170},"model":"nlweapons:item/gsm/mp5_mesh/mp5_mesh.bone-d6bbb86d"},{"predicate":{"custom_model_data":50171},"model":"nlweapons:item/gsm/m79_mesh/m79_mesh.group3"},{"predicate":{"custom_model_data":50172},"model":"nlweapons:item/gsm/asval_mesh/asval_mesh.group-6e2e91a0"},{"predicate":{"custom_model_data":50173},"model":"nlweapons:item/gsm/awp_mesh/awp_mesh.group-dd0a61c4"},{"predicate":{"custom_model_data":50174},"model":"nlweapons:item/gsm/m4a1_mesh/m4a1_mesh.group-c021fdb5"},{"predicate":{"custom_model_data":50175},"model":"nlweapons:item/gsm/akr_mesh/akr_mesh.bone2"},{"predicate":{"custom_model_data":50176},"model":"nlweapons:item/gsm/asval_mesh/asval_mesh.group-97fdbbf6"},{"predicate":{"custom_model_data":50177},"model":"nlweapons:item/gsm/m4a1_mesh/m4a1_mesh.group-7a30affd"},{"predicate":{"custom_model_data":50178},"model":"nlweapons:item/gsm/asval_mesh/asval_mesh.group-dd0a61c4"},{"predicate":{"custom_model_data":50179},"model":"nlweapons:item/gsm/mp5_mesh/mp5_mesh.bone-953cf984"},{"predicate":{"custom_model_data":50180},"model":"nlweapons:item/gsm/awp_mesh/awp_mesh.group-f0eb14e7"},{"predicate":{"custom_model_data":50181},"model":"nlweapons:item/gsm/awp_mesh/awp_mesh.group-8bfc45e"},{"predicate":{"custom_model_data":50182},"model":"nlweapons:item/gsm/testtest_mesh/testtest_mesh.bone5"},{"predicate":{"custom_model_data":50183},"model":"nlweapons:item/gsm/m4a1_mesh/m4a1_mesh.group-5ca99c93"},{"predicate":{"custom_model_data":50184},"model":"nlweapons:item/gsm/asval_mesh/asval_mesh.group-fcef7e4e"},{"predicate":{"custom_model_data":50185},"model":"nlweapons:item/gsm/awp_mesh/awp_mesh.group-a96c57d6"},{"predicate":{"custom_model_data":50186},"model":"nlweapons:item/gsm/asval_mesh/asval_mesh.group-52c6f754"},{"predicate":{"custom_model_data":50187},"model":"nlw_custom:item/7.62"},{"predicate":{"custom_model_data":50188},"model":"nlweapons:item/gsm/m4a1_mesh/m4a1_mesh.group-953cf984"},{"predicate":{"custom_model_data":50189},"model":"nlweapons:item/gsm/mp5_mesh/mp5_mesh.bone-cbe2175a"},{"predicate":{"custom_model_data":50190},"model":"nlweapons:item/gsm/mp5_mesh/mp5_mesh.bone-4ebc9ae3"},{"predicate":{"custom_model_data":50191},"model":"nlweapons:item/gsm/asval_mesh/asval_mesh.group-3b87d71c"},{"predicate":{"custom_model_data":50192},"model":"nlweapons:item/gsm/asval_mesh/asval_mesh.group-1bbd6ce5"},{"predicate":{"custom_model_data":50193},"model":"nlw_custom:item/5_56"},{"predicate":{"custom_model_data":50194},"model":"nlweapons:item/gsm/asval_mesh/asval_mesh.group-951cf069"},{"predicate":{"custom_model_data":50195},"model":"nlweapons:item/gsm/awp_mesh/awp_mesh.group-97fdbbf6"},{"predicate":{"custom_model_data":50196},"model":"nlw_custom:item/9x39-sbp"},{"predicate":{"custom_model_data":50197},"model":"nlweapons:item/gsm/m4a1_mesh/m4a1_mesh.group-ed120dbc"},{"predicate":{"custom_model_data":50198},"model":"nlweapons:item/gsm/mp5_mesh/mp5_mesh.group3"},{"predicate":{"custom_model_data":50199},"model":"nlweapons:item/gsm/mp5_mesh/mp5_mesh.bone-5ca99c93"},{"predicate":{"custom_model_data":50200},"model":"nlweapons:item/gsm/asval_mesh/asval_mesh.group-157db59a"},{"predicate":{"custom_model_data":50201},"model":"nlweapons:item/gsm/m4a1_mesh/m4a1_mesh.group-d380c5fe"},{"predicate":{"custom_model_data":50202},"model":"nlweapons:item/gsm/asval_mesh/asval_mesh.group-81b0e8e1"},{"predicate":{"custom_model_data":50203},"model":"nlweapons:item/gsm/asval_mesh/asval_mesh.group-1f9bebeb"},{"predicate":{"custom_model_data":50204},"model":"nlweapons:item/gsm/m4a1_mesh/m4a1_mesh.group-411217d2"},{"predicate":{"custom_model_data":50205},"model":"nlweapons:item/gsm/asval_mesh/asval_mesh.group-4ebc9ae3"},{"predicate":{"custom_model_data":50206},"model":"nlweapons:item/gsm/asval_mesh/asval_mesh.group-b54c30a1"},{"predicate":{"custom_model_data":50207},"model":"nlweapons:item/gsm/m4a1_mesh/m4a1_mesh.group-25515306"},{"predicate":{"custom_model_data":50208},"model":"nlw_custom:item/sbp-9mm"},{"predicate":{"custom_model_data":50209},"model":"nlweapons:item/gsm/mp5_mesh/mp5_mesh.bone-42257f67"},{"predicate":{"custom_model_data":50210},"model":"nlweapons:item/gsm/awp_mesh/awp_mesh.group-5638073e"},{"predicate":{"custom_model_data":50211},"model":"nlw_custom:item/fr-12"},{"predicate":{"custom_model_data":50212},"model":"nlw_custom:item/bs-12"},{"predicate":{"custom_model_data":50213},"model":"nlweapons:item/gsm/awp_mesh/awp_mesh.group-597e0c23"},{"predicate":{"custom_model_data":50214},"model":"nlweapons:item/gsm/deagle_mesh/deagle_mesh.l_arm"},{"predicate":{"custom_model_data":50215},"model":"nlweapons:item/gsm/m4a1_mesh/m4a1_mesh.group-b54c30a1"},{"predicate":{"custom_model_data":50216},"model":"nlweapons:item/gsm/m4a1_mesh/m4a1_mesh.group-157db59a"},{"predicate":{"custom_model_data":50217},"model":"nlweapons:item/gsm/mp5_mesh/mp5_mesh.bone-f6c71b8b"},{"predicate":{"custom_model_data":50218},"model":"nlweapons:item/gsm/asval_mesh/asval_mesh.group-411217d2"},{"predicate":{"custom_model_data":50219},"model":"nlweapons:item/gsm/ppsh_mesh/ppsh_mesh.bone4"},{"predicate":{"custom_model_data":50220},"model":"nlweapons:item/gsm/m4a1_mesh/m4a1_mesh.group-1f9bebeb"},{"predicate":{"custom_model_data":50221},"model":"nlweapons:item/gsm/mp5_mesh/mp5_mesh.bone-90d4a7d4"},{"predicate":{"custom_model_data":50222},"model":"nlweapons:item/gsm/asval_mesh/asval_mesh.group-e8769191"},{"predicate":{"custom_model_data":50223},"model":"nlweapons:item/gsm/asval_mesh/asval_mesh.group-953cf984"},{"predicate":{"custom_model_data":50224},"model":"nlweapons:item/gsm/m4a1_mesh/m4a1_mesh.group-f1f65e40"},{"predicate":{"custom_model_data":50225},"model":"nlweapons:item/gsm/awp_mesh/awp_mesh.group-d008ec8c"},{"predicate":{"custom_model_data":50226},"model":"nlweapons:item/gsm/m4a1_mesh/m4a1_mesh.group-12faddd8"},{"predicate":{"custom_model_data":50227},"model":"nlw_custom:item/bp-9mm"},{"predicate":{"custom_model_data":50228},"model":"nlweapons:item/gsm/awp_mesh/awp_mesh.group-90d4a7d4"},{"predicate":{"custom_model_data":50229},"model":"nlw_custom:item/7.62-exp"},{"predicate":{"custom_model_data":50230},"model":"nlweapons:item/gsm/akr_mesh/akr_mesh.bone4"},{"predicate":{"custom_model_data":50231},"model":"nlweapons:item/gsm/ppsh_mesh/ppsh_mesh.bone3"},{"predicate":{"custom_model_data":50232},"model":"nlweapons:item/gsm/awp_mesh/awp_mesh.group-8fe09b0d"},{"predicate":{"custom_model_data":50233},"model":"nlweapons:item/gsm/mp5_mesh/mp5_mesh.bone-d9ded154"},{"predicate":{"custom_model_data":50234},"model":"nlweapons:item/gsm/awp_mesh/awp_mesh.group-c4e44db8"},{"predicate":{"custom_model_data":50235},"model":"nlweapons:item/gsm/deagle_mesh/deagle_mesh.group2"},{"predicate":{"custom_model_data":50236},"model":"nlweapons:item/gsm/awp_mesh/awp_mesh.group-e3fd07a5"},{"predicate":{"custom_model_data":50237},"model":"nlweapons:item/gsm/m4a1_mesh/m4a1_mesh.group-ca80264f"},{"predicate":{"custom_model_data":50238},"model":"nlweapons:item/gsm/m4a1_mesh/m4a1_mesh.group-f079bf7a"},{"predicate":{"custom_model_data":50239},"model":"nlweapons:item/gsm/asval_mesh/asval_mesh.group-12faddd8"},{"predicate":{"custom_model_data":50240},"model":"nlweapons:item/gsm/asval_mesh/asval_mesh.group-f1f65e40"},{"predicate":{"custom_model_data":50241},"model":"item/paper"}]}